"YEAR";"AGE_first";"SP";"MIGRATION";"CIinf";"CIquart_inf";"med";"CIquart_sup";"CIsup";"BIOGEOREF"
1990;"AD";"AEGCAU";"Court";0,333333333333333;0,333333333333333;0,333333333333333;0,333333333333333;0,333333333333333;"Atlantique"
1991;"AD";"AEGCAU";"Court";0;0;0;0;0;"Atlantique"
1992;"AD";"AEGCAU";"Court";0,00624999999999998;0,0625;0,125;0,1875;0,24375;"Atlantique"
1993;"AD";"AEGCAU";"Court";0;0;0;0;0;"Atlantique"
1994;"AD";"AEGCAU";"Court";0;0;0;0;0;"Atlantique"
1995;"AD";"AEGCAU";"Court";0;0;0;0;0;"Atlantique"
1998;"AD";"AEGCAU";"Court";0;0;0;0;0;"Atlantique"
2000;"AD";"AEGCAU";"Court";0;0;0;0;0;"Atlantique"
2002;"AD";"AEGCAU";"Court";0,285714285714286;0,285714285714286;0,285714285714286;0,285714285714286;0,285714285714286;"Atlantique"
2003;"AD";"AEGCAU";"Court";0;0;0;0;0;"Atlantique"
2004;"AD";"AEGCAU";"Court";0;0;0;0;0;"Atlantique"
2005;"AD";"AEGCAU";"Court";0;0;0;0;0;"Atlantique"
2006;"AD";"AEGCAU";"Court";0;0;0;0;0;"Atlantique"
2007;"AD";"AEGCAU";"Court";0;0;0;0,075;0,2775;"Atlantique"
2008;"AD";"AEGCAU";"Court";0;0;0;0;0;"Atlantique"
2009;"AD";"AEGCAU";"Court";0;0;0,125;0,3125;0,48125;"Atlantique"
2010;"AD";"AEGCAU";"Court";0;0;0,0833333333333333;0,175;0,1975;"Atlantique"
2011;"AD";"AEGCAU";"Court";0;0;0,125;0,270833333333333;0,327083333333333;"Atlantique"
2012;"AD";"AEGCAU";"Court";0,00833333333333333;0,0833333333333333;0,126984126984127;0,145604395604396;0,153021978021978;"Atlantique"
2013;"AD";"AEGCAU";"Court";0;0;0,0384615384615385;0,206730769230769;0,322916666666667;"Atlantique"
2014;"AD";"AEGCAU";"Court";0;0;0;0;0,0825;"Atlantique"
2015;"AD";"AEGCAU";"Court";0;0;0;0;0;"Atlantique"
2016;"AD";"AEGCAU";"Court";0;0;0;0,3;0,4875;"Atlantique"
2017;"AD";"AEGCAU";"Court";0;0;0;0;0;"Atlantique"
2018;"AD";"AEGCAU";"Court";0;0;0;0;0;"Atlantique"
2019;"AD";"AEGCAU";"Court";0;0;0;0,0833333333333333;0,158333333333333;"Atlantique"
2020;"AD";"AEGCAU";"Court";0;0;0;0,166666666666667;0,316666666666667;"Atlantique"
2021;"AD";"AEGCAU";"Court";0,00624999999999998;0,0625;0,125;0,1875;0,24375;"Atlantique"
1990;"JUV";"AEGCAU";"Court";0;0;0;0;0;"Atlantique"
1991;"JUV";"AEGCAU";"Court";0;0;0;0;0;"Atlantique"
1992;"JUV";"AEGCAU";"Court";0;0;0;0;0;"Atlantique"
1993;"JUV";"AEGCAU";"Court";0;0;0;0;0;"Atlantique"
1994;"JUV";"AEGCAU";"Court";0;0;0;0;0;"Atlantique"
1998;"JUV";"AEGCAU";"Court";0;0;0;0;0;"Atlantique"
2000;"JUV";"AEGCAU";"Court";0;0;0;0;0;"Atlantique"
2002;"JUV";"AEGCAU";"Court";0,00416666666666665;0,0416666666666667;0,0833333333333333;0,125;0,1625;"Atlantique"
2003;"JUV";"AEGCAU";"Court";0;0;0;0;0;"Atlantique"
2004;"JUV";"AEGCAU";"Court";0,125;0,125;0,125;0,125;0,125;"Atlantique"
2005;"JUV";"AEGCAU";"Court";0;0;0;0;0;"Atlantique"
2006;"JUV";"AEGCAU";"Court";0;0;0;0;0;"Atlantique"
2007;"JUV";"AEGCAU";"Court";0,0073170731707317;0,0731707317073171;0,139689578713969;0,198863636363636;0,244886363636364;"Atlantique"
2008;"JUV";"AEGCAU";"Court";0;0;0;0;0;"Atlantique"
2009;"JUV";"AEGCAU";"Court";0;0;0;0,166666666666667;0,316666666666667;"Atlantique"
2010;"JUV";"AEGCAU";"Court";0;0;0;0,05;0,185;"Atlantique"
2011;"JUV";"AEGCAU";"Court";0;0;0,0434782608695652;0,115217391304348;0,191521739130435;"Atlantique"
2012;"JUV";"AEGCAU";"Court";0;0;0;0;0;"Atlantique"
2013;"JUV";"AEGCAU";"Court";0;0;0;0,0208333333333333;0,0770833333333333;"Atlantique"
2014;"JUV";"AEGCAU";"Court";0;0;0;0,0178571428571429;0,08125;"Atlantique"
2015;"JUV";"AEGCAU";"Court";0;0;0,05;0,0912698412698413;0,111111111111111;"Atlantique"
2016;"JUV";"AEGCAU";"Court";0;0;0;0,125;0,370833333333333;"Atlantique"
2017;"JUV";"AEGCAU";"Court";0;0;0;0;0,0546875;"Atlantique"
2018;"JUV";"AEGCAU";"Court";0;0;0;0;0;"Atlantique"
2019;"JUV";"AEGCAU";"Court";0;0;0;0;0;"Atlantique"
2020;"JUV";"AEGCAU";"Court";0;0;0;0,0416666666666667;0,154166666666667;"Atlantique"
2021;"JUV";"AEGCAU";"Court";0;0;0;0;0;"Atlantique"
1990;"AD";"ERIRUB";"Court";0;0;0;0,25;0,925;"Atlantique"
1991;"AD";"ERIRUB";"Court";0;0;0,0555555555555556;0,119047619047619;0,14047619047619;"Atlantique"
1992;"AD";"ERIRUB";"Court";0;0;0;0,1;0,19;"Atlantique"
1993;"AD";"ERIRUB";"Court";0,00714285714285715;0,0714285714285714;0,142857142857143;0,154761904761905;0,16547619047619;"Atlantique"
1994;"AD";"ERIRUB";"Court";0,264912280701754;0,280701754385965;0,298245614035088;0,315789473684211;0,331578947368421;"Atlantique"
1995;"AD";"ERIRUB";"Court";0,0090909090909091;0,0909090909090909;0,181818181818182;0,206293706293706;0,228321678321678;"Atlantique"
1996;"AD";"ERIRUB";"Court";0,00277777777777777;0,0277777777777778;0,0555555555555556;0,0833333333333333;0,108333333333333;"Atlantique"
1997;"AD";"ERIRUB";"Court";0;0;0;0;0;"Atlantique"
1998;"AD";"ERIRUB";"Court";0;0;0;0;0;"Atlantique"
1999;"AD";"ERIRUB";"Court";0,00499999999999998;0,05;0,1;0,15;0,195;"Atlantique"
2000;"AD";"ERIRUB";"Court";0;0;0,0416666666666667;0,0852272727272727;0,0903409090909091;"Atlantique"
2001;"AD";"ERIRUB";"Court";0,00666666666666667;0,0666666666666667;0,222222222222222;0,235294117647059;0,383529411764706;"Atlantique"
2002;"AD";"ERIRUB";"Court";0;0;0,2;0,266666666666667;0,40952380952381;"Atlantique"
2003;"AD";"ERIRUB";"Court";0;0;0,126984126984127;0,2;0,26;"Atlantique"
2004;"AD";"ERIRUB";"Court";0;0;0;0,0868055555555556;0,2375;"Atlantique"
2005;"AD";"ERIRUB";"Court";0;0;0;0;0,222916666666667;"Atlantique"
2006;"AD";"ERIRUB";"Court";0;0;0;0;0,44375;"Atlantique"
2007;"AD";"ERIRUB";"Court";0;0;0;0,151442307692308;0,402777777777778;"Atlantique"
2008;"AD";"ERIRUB";"Court";0;0;0;0,142857142857143;0,256190476190476;"Atlantique"
2009;"AD";"ERIRUB";"Court";0;0;0;0;0,201388888888889;"Atlantique"
2010;"AD";"ERIRUB";"Court";0;0;0;0,153846153846154;0,442307692307692;"Atlantique"
2011;"AD";"ERIRUB";"Court";0;0;0;0;0,271929824561404;"Atlantique"
2012;"AD";"ERIRUB";"Court";0;0;0;0,166666666666667;0,471428571428572;"Atlantique"
2013;"AD";"ERIRUB";"Court";0;0;0,0357142857142857;0,186363636363636;0,440625;"Atlantique"
2014;"AD";"ERIRUB";"Court";0;0;0;0,222222222222222;0,366666666666667;"Atlantique"
2015;"AD";"ERIRUB";"Court";0;0;0;0,205555555555556;0,5425;"Atlantique"
2016;"AD";"ERIRUB";"Court";0;0;0;0,142857142857143;0,457142857142857;"Atlantique"
2017;"AD";"ERIRUB";"Court";0;0;0;0,142857142857143;0,364285714285714;"Atlantique"
2018;"AD";"ERIRUB";"Court";0;0;0,0714285714285714;0,25;0,55;"Atlantique"
2019;"AD";"ERIRUB";"Court";0;0;0,0884615384615385;0,2;0,304166666666667;"Atlantique"
2020;"AD";"ERIRUB";"Court";0;0;0;0,0931818181818182;0,250892857142857;"Atlantique"
2021;"AD";"ERIRUB";"Court";0;0;0;0,142857142857143;0,352380952380953;"Atlantique"
1990;"JUV";"ERIRUB";"Court";0,00182926829268293;0,0182926829268293;0,0455284552845528;0,175;0,4675;"Atlantique"
1991;"JUV";"ERIRUB";"Court";0;0;0;0,0208333333333333;0,0770833333333333;"Atlantique"
1992;"JUV";"ERIRUB";"Court";0;0;0;0,03125;0,059375;"Atlantique"
1993;"JUV";"ERIRUB";"Court";0;0;0;0,0571428571428571;0,108571428571429;"Atlantique"
1994;"JUV";"ERIRUB";"Court";0,06734375;0,0734375;0,0802083333333333;0,0869791666666667;0,0930729166666667;"Atlantique"
1995;"JUV";"ERIRUB";"Court";0,00555555555555556;0,0555555555555556;0,111111111111111;0,113247863247863;0,11517094017094;"Atlantique"
1996;"JUV";"ERIRUB";"Court";0,0083333333333333;0,0833333333333333;0,166666666666667;0,25;0,325;"Atlantique"
1997;"JUV";"ERIRUB";"Court";0;0;0;0;0;"Atlantique"
1998;"JUV";"ERIRUB";"Court";0,142857142857143;0,142857142857143;0,142857142857143;0,142857142857143;0,142857142857143;"Atlantique"
1999;"JUV";"ERIRUB";"Court";0,000531914893617019;0,00531914893617021;0,0106382978723404;0,0159574468085106;0,0207446808510638;"Atlantique"
2000;"JUV";"ERIRUB";"Court";0,00333333333333334;0,0333333333333333;0,0666666666666667;0,0690476190476191;0,0711904761904762;"Atlantique"
2001;"JUV";"ERIRUB";"Court";0;0;0;0;0,0375;"Atlantique"
2002;"JUV";"ERIRUB";"Court";0;0;0;0,0277777777777778;0,117647058823529;"Atlantique"
2003;"JUV";"ERIRUB";"Court";0;0;0;0;0,0515625;"Atlantique"
2004;"JUV";"ERIRUB";"Court";0;0;0;0,0416666666666667;0,1256038647343;"Atlantique"
2005;"JUV";"ERIRUB";"Court";0;0;0;0;0,125;"Atlantique"
2006;"JUV";"ERIRUB";"Court";0;0;0;0;0,0714285714285714;"Atlantique"
2007;"JUV";"ERIRUB";"Court";0;0;0;0,0467032967032967;0,171875;"Atlantique"
2008;"JUV";"ERIRUB";"Court";0;0;0;0;0,130769230769231;"Atlantique"
2009;"JUV";"ERIRUB";"Court";0;0;0;0;0,270769230769231;"Atlantique"
2010;"JUV";"ERIRUB";"Court";0;0;0;0;0,189166666666667;"Atlantique"
2011;"JUV";"ERIRUB";"Court";0;0;0;0,0172413793103448;0,0555555555555556;"Atlantique"
2012;"JUV";"ERIRUB";"Court";0;0;0;0;0,325;"Atlantique"
2013;"JUV";"ERIRUB";"Court";0;0;0;0;0,234375;"Atlantique"
2014;"JUV";"ERIRUB";"Court";0;0;0;0;0,126984126984127;"Atlantique"
2015;"JUV";"ERIRUB";"Court";0;0;0;0,0486111111111111;0,552777777777778;"Atlantique"
2016;"JUV";"ERIRUB";"Court";0;0;0;0;0,193461538461538;"Atlantique"
2017;"JUV";"ERIRUB";"Court";0;0;0;0,037037037037037;0,127777777777778;"Atlantique"
2018;"JUV";"ERIRUB";"Court";0;0;0;0;0,189285714285714;"Atlantique"
2019;"JUV";"ERIRUB";"Court";0;0;0;0,0588235294117647;0,158771929824561;"Atlantique"
2020;"JUV";"ERIRUB";"Court";0;0;0;0;0,117948717948718;"Atlantique"
2021;"JUV";"ERIRUB";"Court";0;0;0;0;0,149675324675325;"Atlantique"
1990;"AD";"PARCAE";"Court";0;0;0;0;0;"Atlantique"
1991;"AD";"PARCAE";"Court";0;0;0;0,1;0,19;"Atlantique"
1992;"AD";"PARCAE";"Court";0;0;0;0;0;"Atlantique"
1993;"AD";"PARCAE";"Court";0;0;0;0;0;"Atlantique"
1995;"AD";"PARCAE";"Court";0;0;0;0;0;"Atlantique"
1997;"AD";"PARCAE";"Court";0;0;0;0;0;"Atlantique"
1998;"AD";"PARCAE";"Court";0;0;0;0;0;"Atlantique"
1999;"AD";"PARCAE";"Court";0;0;0;0;0;"Atlantique"
2000;"AD";"PARCAE";"Court";0;0;0;0;0;"Atlantique"
2001;"AD";"PARCAE";"Court";0;0;0;0,166666666666667;0,316666666666667;"Atlantique"
2002;"AD";"PARCAE";"Court";0;0;0;0;0;"Atlantique"
2003;"AD";"PARCAE";"Court";0;0;0;0,0714285714285714;0,135714285714286;"Atlantique"
2004;"AD";"PARCAE";"Court";0;0;0;0,166666666666667;0,246527777777778;"Atlantique"
2005;"AD";"PARCAE";"Court";0;0;0;0;0,17;"Atlantique"
2006;"AD";"PARCAE";"Court";0;0;0;0;0,225;"Atlantique"
2007;"AD";"PARCAE";"Court";0;0;0;0;0;"Atlantique"
2008;"AD";"PARCAE";"Court";0;0;0;0;0,4375;"Atlantique"
2009;"AD";"PARCAE";"Court";0;0;0;0;0,3;"Atlantique"
2010;"AD";"PARCAE";"Court";0;0;0,05;0,175;0,4625;"Atlantique"
2011;"AD";"PARCAE";"Court";0;0;0;0;0,141666666666667;"Atlantique"
2012;"AD";"PARCAE";"Court";0;0;0;0;0,075;"Atlantique"
2013;"AD";"PARCAE";"Court";0;0;0;0;0;"Atlantique"
2014;"AD";"PARCAE";"Court";0;0;0;0;0,121428571428571;"Atlantique"
2015;"AD";"PARCAE";"Court";0;0;0;0,166666666666667;0,39;"Atlantique"
2016;"AD";"PARCAE";"Court";0;0;0;0;0,109375;"Atlantique"
2017;"AD";"PARCAE";"Court";0;0;0;0,107142857142857;0,192857142857143;"Atlantique"
2018;"AD";"PARCAE";"Court";0;0;0;0;0,425;"Atlantique"
2019;"AD";"PARCAE";"Court";0;0;0;0;0;"Atlantique"
2020;"AD";"PARCAE";"Court";0;0;0;0;0,225;"Atlantique"
2021;"AD";"PARCAE";"Court";0;0;0;0;0,121428571428571;"Atlantique"
1990;"JUV";"PARCAE";"Court";0,00555555555555554;0,0555555555555556;0,111111111111111;0,166666666666667;0,216666666666667;"Atlantique"
1991;"JUV";"PARCAE";"Court";0;0;0;0,0178571428571429;0,0339285714285714;"Atlantique"
1992;"JUV";"PARCAE";"Court";0;0;0;0,0185185185185185;0,0351851851851852;"Atlantique"
1993;"JUV";"PARCAE";"Court";0;0;0;0;0;"Atlantique"
1994;"JUV";"PARCAE";"Court";0;0;0;0;0;"Atlantique"
1995;"JUV";"PARCAE";"Court";0;0;0;0;0;"Atlantique"
1997;"JUV";"PARCAE";"Court";0;0;0;0;0;"Atlantique"
1998;"JUV";"PARCAE";"Court";0;0;0;0;0;"Atlantique"
1999;"JUV";"PARCAE";"Court";0;0;0;0;0;"Atlantique"
2000;"JUV";"PARCAE";"Court";0;0;0;0;0;"Atlantique"
2001;"JUV";"PARCAE";"Court";0;0;0;0,166666666666667;0,316666666666667;"Atlantique"
2002;"JUV";"PARCAE";"Court";0;0;0;0;0,1;"Atlantique"
2003;"JUV";"PARCAE";"Court";0;0;0,0405405405405405;0,104928457869634;0,169316375198728;"Atlantique"
2004;"JUV";"PARCAE";"Court";0;0;0;0;0;"Atlantique"
2005;"JUV";"PARCAE";"Court";0;0;0;0;0,0485714285714286;"Atlantique"
2006;"JUV";"PARCAE";"Court";0;0;0;0;0,04375;"Atlantique"
2007;"JUV";"PARCAE";"Court";0;0;0;0,025;0,128928571428571;"Atlantique"
2008;"JUV";"PARCAE";"Court";0;0;0;0;0;"Atlantique"
2009;"JUV";"PARCAE";"Court";0;0;0;0,025;0,11375;"Atlantique"
2010;"JUV";"PARCAE";"Court";0;0;0;0;0,0795454545454545;"Atlantique"
2011;"JUV";"PARCAE";"Court";0;0;0;0;0;"Atlantique"
2012;"JUV";"PARCAE";"Court";0;0;0;0;0;"Atlantique"
2013;"JUV";"PARCAE";"Court";0;0;0;0;0;"Atlantique"
2014;"JUV";"PARCAE";"Court";0;0;0;0,0113636363636364;0,0629545454545455;"Atlantique"
2015;"JUV";"PARCAE";"Court";0;0;0;0;0,121428571428571;"Atlantique"
2016;"JUV";"PARCAE";"Court";0;0;0;0,09375;0,129755434782609;"Atlantique"
2017;"JUV";"PARCAE";"Court";0;0;0;0,0142857142857143;0,0696703296703297;"Atlantique"
2018;"JUV";"PARCAE";"Court";0;0;0;0;0,0772727272727272;"Atlantique"
2019;"JUV";"PARCAE";"Court";0;0;0;0;0;"Atlantique"
2020;"JUV";"PARCAE";"Court";0;0;0;0;0;"Atlantique"
2021;"JUV";"PARCAE";"Court";0;0;0;0;0,0972222222222222;"Atlantique"
1990;"AD";"PARMAJ";"Court";0;0;0;0,05;0,095;"Atlantique"
1991;"AD";"PARMAJ";"Court";0;0;0;0;0;"Atlantique"
1992;"AD";"PARMAJ";"Court";0;0;0;0;0;"Atlantique"
1993;"AD";"PARMAJ";"Court";0,0791666666666667;0,0993589743589744;0,121794871794872;0,144230769230769;0,164423076923077;"Atlantique"
1994;"AD";"PARMAJ";"Court";0,00499999999999998;0,05;0,1;0,15;0,195;"Atlantique"
1995;"AD";"PARMAJ";"Court";0;0;0;0,166666666666667;0,316666666666667;"Atlantique"
1996;"AD";"PARMAJ";"Court";0;0;0;0;0;"Atlantique"
1997;"AD";"PARMAJ";"Court";0;0;0;0;0;"Atlantique"
1998;"AD";"PARMAJ";"Court";0,333333333333333;0,333333333333333;0,333333333333333;0,333333333333333;0,333333333333333;"Atlantique"
1999;"AD";"PARMAJ";"Court";0,00714285714285712;0,0714285714285714;0,142857142857143;0,214285714285714;0,278571428571429;"Atlantique"
2000;"AD";"PARMAJ";"Court";0;0;0;0,05;0,883333333333333;"Atlantique"
2001;"AD";"PARMAJ";"Court";0;0;0;0;0,145833333333333;"Atlantique"
2002;"AD";"PARMAJ";"Court";0;0;0;0,25;0,9;"Atlantique"
2003;"AD";"PARMAJ";"Court";0;0;0;0;0,125;"Atlantique"
2004;"AD";"PARMAJ";"Court";0;0;0;0,142857142857143;0,311111111111111;"Atlantique"
2005;"AD";"PARMAJ";"Court";0;0;0;0,03125;0,246428571428571;"Atlantique"
2006;"AD";"PARMAJ";"Court";0;0;0;0,075;0,342142857142857;"Atlantique"
2007;"AD";"PARMAJ";"Court";0;0;0;0,075;0,268939393939394;"Atlantique"
2008;"AD";"PARMAJ";"Court";0;0;0;0,170454545454545;0,458333333333333;"Atlantique"
2009;"AD";"PARMAJ";"Court";0;0;0;0;0,500000000000001;"Atlantique"
2010;"AD";"PARMAJ";"Court";0;0;0;0,0875;0,75;"Atlantique"
2011;"AD";"PARMAJ";"Court";0;0;0;0;0,166666666666667;"Atlantique"
2012;"AD";"PARMAJ";"Court";0;0;0;0;0,509523809523809;"Atlantique"
2013;"AD";"PARMAJ";"Court";0;0;0;0;0,41;"Atlantique"
2014;"AD";"PARMAJ";"Court";0;0;0;0;0,167272727272727;"Atlantique"
2015;"AD";"PARMAJ";"Court";0;0;0;0,075;0,5;"Atlantique"
2016;"AD";"PARMAJ";"Court";0;0;0;0,166666666666667;0,46;"Atlantique"
2017;"AD";"PARMAJ";"Court";0;0;0,0714285714285714;0,175;0,46875;"Atlantique"
2018;"AD";"PARMAJ";"Court";0;0;0;0,142857142857143;0,298333333333333;"Atlantique"
2019;"AD";"PARMAJ";"Court";0;0;0;0,0833333333333333;0,4125;"Atlantique"
2020;"AD";"PARMAJ";"Court";0;0;0;0;0,2875;"Atlantique"
2021;"AD";"PARMAJ";"Court";0;0;0;0;0;"Atlantique"
1990;"JUV";"PARMAJ";"Court";0;0;0;0,0517241379310345;0,0982758620689655;"Atlantique"
1991;"JUV";"PARMAJ";"Court";0;0;0;0,025;0,0925;"Atlantique"
1992;"JUV";"PARMAJ";"Court";0;0;0;0;0;"Atlantique"
1993;"JUV";"PARMAJ";"Court";0,00238095238095238;0,0238095238095238;0,0476190476190476;0,0608465608465608;0,0727513227513227;"Atlantique"
1994;"JUV";"PARMAJ";"Court";0,0652027027027027;0,165540540540541;0,277027027027027;0,388513513513513;0,488851351351351;"Atlantique"
1995;"JUV";"PARMAJ";"Court";0;0;0;0;0;"Atlantique"
1996;"JUV";"PARMAJ";"Court";0;0;0;0;0;"Atlantique"
1997;"JUV";"PARMAJ";"Court";0,0769230769230769;0,0769230769230769;0,0769230769230769;0,0769230769230769;0,0769230769230769;"Atlantique"
1998;"JUV";"PARMAJ";"Court";0,0714285714285714;0,0714285714285714;0,0714285714285714;0,0714285714285714;0,0714285714285714;"Atlantique"
1999;"JUV";"PARMAJ";"Court";0,0454545454545455;0,0454545454545455;0,0454545454545455;0,0454545454545455;0,0454545454545455;"Atlantique"
2000;"JUV";"PARMAJ";"Court";0;0;0;0,0625;0,0705357142857143;"Atlantique"
2001;"JUV";"PARMAJ";"Court";0,00588235294117648;0,0588235294117647;0,0689655172413793;0,166666666666667;0,273809523809524;"Atlantique"
2002;"JUV";"PARMAJ";"Court";0;0;0;0;0,225;"Atlantique"
2003;"JUV";"PARMAJ";"Court";0;0;0;0;0,109375;"Atlantique"
2004;"JUV";"PARMAJ";"Court";0;0;0;0,0208333333333333;0,108611111111111;"Atlantique"
2005;"JUV";"PARMAJ";"Court";0;0;0;0;0,0388888888888888;"Atlantique"
2006;"JUV";"PARMAJ";"Court";0;0;0;0;0,149281609195402;"Atlantique"
2007;"JUV";"PARMAJ";"Court";0;0;0;0,0378125;0,145674486803519;"Atlantique"
2008;"JUV";"PARMAJ";"Court";0;0;0;0,0454545454545455;0,1125;"Atlantique"
2009;"JUV";"PARMAJ";"Court";0;0;0;0,0357142857142857;0,135714285714286;"Atlantique"
2010;"JUV";"PARMAJ";"Court";0;0;0;0,01;0,120535714285714;"Atlantique"
2011;"JUV";"PARMAJ";"Court";0;0;0;0,0849673202614379;0,179945054945055;"Atlantique"
2012;"JUV";"PARMAJ";"Court";0;0;0;0;0,0625;"Atlantique"
2013;"JUV";"PARMAJ";"Court";0;0;0;0;0,198809523809524;"Atlantique"
2014;"JUV";"PARMAJ";"Court";0;0;0;0,0277777777777778;0,158333333333333;"Atlantique"
2015;"JUV";"PARMAJ";"Court";0;0;0;0;0,119047619047619;"Atlantique"
2016;"JUV";"PARMAJ";"Court";0;0;0;0;0,129365079365079;"Atlantique"
2017;"JUV";"PARMAJ";"Court";0;0;0;0,03584229390681;0,224166666666667;"Atlantique"
2018;"JUV";"PARMAJ";"Court";0;0;0;0;0,0821323529411763;"Atlantique"
2019;"JUV";"PARMAJ";"Court";0;0;0;0;0,379166666666667;"Atlantique"
2020;"JUV";"PARMAJ";"Court";0;0;0;0,0333333333333333;0,168571428571429;"Atlantique"
2021;"JUV";"PARMAJ";"Court";0;0;0;0;0,100961538461538;"Atlantique"
1990;"AD";"PHYCOL";"Court";0,00423728813559322;0,0423728813559322;0,0847457627118644;0,136122881355932;0,182362288135593;"Atlantique"
1991;"AD";"PHYCOL";"Court";0;0;0;0,0192307692307692;0,0365384615384615;"Atlantique"
1992;"AD";"PHYCOL";"Court";0;0;0;0;0;"Atlantique"
1993;"AD";"PHYCOL";"Court";0,00624999999999998;0,0625;0,125;0,1875;0,24375;"Atlantique"
1994;"AD";"PHYCOL";"Court";0,148148148148148;0,148148148148148;0,148148148148148;0,148148148148148;0,148148148148148;"Atlantique"
1995;"AD";"PHYCOL";"Court";0,00370370370370369;0,037037037037037;0,0740740740740741;0,111111111111111;0,144444444444444;"Atlantique"
1996;"AD";"PHYCOL";"Court";0;0;0;0;0;"Atlantique"
1999;"AD";"PHYCOL";"Court";0,307692307692308;0,307692307692308;0,307692307692308;0,307692307692308;0,307692307692308;"Atlantique"
2000;"AD";"PHYCOL";"Court";0,00555555555555556;0,0555555555555556;0,111111111111111;0,149305555555556;0,183680555555556;"Atlantique"
2001;"AD";"PHYCOL";"Court";0;0;0,1;0,142857142857143;0,194285714285714;"Atlantique"
2002;"AD";"PHYCOL";"Court";0;0,0192307692307692;0,0954545454545455;0,179841897233202;0,248060344827586;"Atlantique"
2003;"AD";"PHYCOL";"Court";0;0;0,0625;0,180124223602484;0,26984126984127;"Atlantique"
2004;"AD";"PHYCOL";"Court";0;0;0;0,0471153846153846;0,185653409090909;"Atlantique"
2005;"AD";"PHYCOL";"Court";0;0;0;0;0,0421874999999999;"Atlantique"
2006;"AD";"PHYCOL";"Court";0;0;0;0;0,21875;"Atlantique"
2007;"AD";"PHYCOL";"Court";0;0;0;0,116013071895425;0,429166666666667;"Atlantique"
2008;"AD";"PHYCOL";"Court";0;0;0;0,0769230769230769;0,148076923076923;"Atlantique"
2009;"AD";"PHYCOL";"Court";0;0;0;0,110714285714286;0,448863636363636;"Atlantique"
2010;"AD";"PHYCOL";"Court";0;0;0;0,0634615384615385;0,194444444444444;"Atlantique"
2011;"AD";"PHYCOL";"Court";0;0;0;0,125;0,197222222222222;"Atlantique"
2012;"AD";"PHYCOL";"Court";0;0;0;0,119047619047619;0,25;"Atlantique"
2013;"AD";"PHYCOL";"Court";0;0;0;0,142857142857143;0,285416666666667;"Atlantique"
2014;"AD";"PHYCOL";"Court";0;0;0,0611111111111111;0,102777777777778;0,166666666666667;"Atlantique"
2015;"AD";"PHYCOL";"Court";0;0;0;0,1;0,358333333333333;"Atlantique"
2016;"AD";"PHYCOL";"Court";0;0;0;0,148717948717949;0,290178571428571;"Atlantique"
2017;"AD";"PHYCOL";"Court";0;0;0;0,105555555555556;0,2875;"Atlantique"
2018;"AD";"PHYCOL";"Court";0;0;0;0,154761904761905;0,466666666666667;"Atlantique"
2019;"AD";"PHYCOL";"Court";0;0;0;0,0874125874125874;0,313125;"Atlantique"
2020;"AD";"PHYCOL";"Court";0;0;0;0,102777777777778;0,296428571428571;"Atlantique"
2021;"AD";"PHYCOL";"Court";0;0;0;0,105555555555556;0,205681818181818;"Atlantique"
1990;"JUV";"PHYCOL";"Court";0,000746268656716419;0,00746268656716418;0,0149253731343284;0,107462686567164;0,190746268656716;"Atlantique"
1991;"JUV";"PHYCOL";"Court";0;0;0;0;0;"Atlantique"
1992;"JUV";"PHYCOL";"Court";0;0;0;0;0;"Atlantique"
1993;"JUV";"PHYCOL";"Court";0,00454545454545453;0,0454545454545455;0,0909090909090909;0,136363636363636;0,177272727272727;"Atlantique"
1994;"JUV";"PHYCOL";"Court";0;0;0;0;0;"Atlantique"
1995;"JUV";"PHYCOL";"Court";0;0;0;0;0;"Atlantique"
1996;"JUV";"PHYCOL";"Court";0;0;0;0;0;"Atlantique"
1999;"JUV";"PHYCOL";"Court";0;0;0;0;0;"Atlantique"
2000;"JUV";"PHYCOL";"Court";0,00277777777777778;0,0277777777777778;0,0555555555555556;0,0944444444444444;0,129444444444444;"Atlantique"
2001;"JUV";"PHYCOL";"Court";0;0;0;0;0,0375;"Atlantique"
2002;"JUV";"PHYCOL";"Court";0;0;0;0;0,0748106060606061;"Atlantique"
2003;"JUV";"PHYCOL";"Court";0;0;0;0;0,1125;"Atlantique"
2004;"JUV";"PHYCOL";"Court";0;0;0;0;0;"Atlantique"
2005;"JUV";"PHYCOL";"Court";0;0;0;0;0;"Atlantique"
2006;"JUV";"PHYCOL";"Court";0;0;0;0;0;"Atlantique"
2007;"JUV";"PHYCOL";"Court";0;0;0;0;0,0711111111111112;"Atlantique"
2008;"JUV";"PHYCOL";"Court";0;0;0;0;0,103125;"Atlantique"
2009;"JUV";"PHYCOL";"Court";0;0;0;0;0,0923076923076925;"Atlantique"
2010;"JUV";"PHYCOL";"Court";0;0;0;0;0,05;"Atlantique"
2011;"JUV";"PHYCOL";"Court";0;0;0;0;0,307142857142857;"Atlantique"
2012;"JUV";"PHYCOL";"Court";0;0;0;0;0,0458333333333334;"Atlantique"
2013;"JUV";"PHYCOL";"Court";0;0;0;0;0;"Atlantique"
2014;"JUV";"PHYCOL";"Court";0;0;0;0;0,205555555555556;"Atlantique"
2015;"JUV";"PHYCOL";"Court";0;0;0;0;0,142857142857143;"Atlantique"
2016;"JUV";"PHYCOL";"Court";0;0;0;0;0,125;"Atlantique"
2017;"JUV";"PHYCOL";"Court";0;0;0;0;0;"Atlantique"
2018;"JUV";"PHYCOL";"Court";0;0;0;0;0,197916666666667;"Atlantique"
2019;"JUV";"PHYCOL";"Court";0;0;0;0;0,147619047619048;"Atlantique"
2020;"JUV";"PHYCOL";"Court";0;0;0;0;0;"Atlantique"
2021;"JUV";"PHYCOL";"Court";0;0;0;0;0,141666666666667;"Atlantique"
1990;"AD";"PRUMOD";"Court";0,000999999999999997;0,01;0,02;0,03;0,039;"Atlantique"
1991;"AD";"PRUMOD";"Court";0,00681818181818179;0,0681818181818182;0,136363636363636;0,204545454545455;0,265909090909091;"Atlantique"
1992;"AD";"PRUMOD";"Court";0;0;0;0;0;"Atlantique"
1993;"AD";"PRUMOD";"Court";0,222222222222222;0,222222222222222;0,222222222222222;0,222222222222222;0,222222222222222;"Atlantique"
1994;"AD";"PRUMOD";"Court";0;0;0;0;0;"Atlantique"
1995;"AD";"PRUMOD";"Court";0,4;0,4;0,4;0,4;0,4;"Atlantique"
1996;"AD";"PRUMOD";"Court";0;0;0;0;0;"Atlantique"
2000;"AD";"PRUMOD";"Court";0;0;0;0;0;"Atlantique"
2001;"AD";"PRUMOD";"Court";0;0;0;0,147058823529412;0,279411764705882;"Atlantique"
2002;"AD";"PRUMOD";"Court";0;0;0,1;0,261111111111111;0,426111111111111;"Atlantique"
2003;"AD";"PRUMOD";"Court";0,005;0,05;0,128571428571429;0,205357142857143;0,245535714285714;"Atlantique"
2004;"AD";"PRUMOD";"Court";0;0;0,0909090909090909;0,195454545454545;0,2125;"Atlantique"
2005;"AD";"PRUMOD";"Court";0;0;0;0;0,0947368421052632;"Atlantique"
2006;"AD";"PRUMOD";"Court";0;0,05;0,211111111111111;0,243055555555556;0,614583333333333;"Atlantique"
2007;"AD";"PRUMOD";"Court";0;0,126984126984127;0,222222222222222;0,333333333333333;0,39375;"Atlantique"
2008;"AD";"PRUMOD";"Court";0;0;0,0555555555555556;0,2125;0,575;"Atlantique"
2009;"AD";"PRUMOD";"Court";0;0;0,190909090909091;0,40625;0,5825;"Atlantique"
2010;"AD";"PRUMOD";"Court";0;0;0,1;0,171428571428571;0,313333333333333;"Atlantique"
2011;"AD";"PRUMOD";"Court";0;0,025;0,140909090909091;0,25974025974026;0,433441558441558;"Atlantique"
2012;"AD";"PRUMOD";"Court";0;0;0;0,21969696969697;0,324242424242424;"Atlantique"
2013;"AD";"PRUMOD";"Court";0;0;0,0714285714285714;0,196428571428571;0,551785714285714;"Atlantique"
2014;"AD";"PRUMOD";"Court";0;0;0,0882352941176471;0,205555555555556;0,348263888888889;"Atlantique"
2015;"AD";"PRUMOD";"Court";0;0;0;0,333333333333333;0,39;"Atlantique"
2016;"AD";"PRUMOD";"Court";0;0;0,117647058823529;0,267156862745098;0,326388888888889;"Atlantique"
2017;"AD";"PRUMOD";"Court";0,20625;0,25;0,25;0,293269230769231;0,330128205128205;"Atlantique"
2018;"AD";"PRUMOD";"Court";0;0;0,111111111111111;0,392361111111111;0,549206349206349;"Atlantique"
2019;"AD";"PRUMOD";"Court";0;0;0,111111111111111;0,215384615384615;0,277472527472527;"Atlantique"
2020;"AD";"PRUMOD";"Court";0;0;0,166666666666667;0,2;0,427878787878788;"Atlantique"
2021;"AD";"PRUMOD";"Court";0;0;0;0,176470588235294;0,6;"Atlantique"
1990;"JUV";"PRUMOD";"Court";0,0125;0,125;0,25;0,375;0,4875;"Atlantique"
1991;"JUV";"PRUMOD";"Court";0;0;0;0;0;"Atlantique"
1992;"JUV";"PRUMOD";"Court";0;0;0;0;0;"Atlantique"
1993;"JUV";"PRUMOD";"Court";0,222222222222222;0,222222222222222;0,222222222222222;0,222222222222222;0,222222222222222;"Atlantique"
1994;"JUV";"PRUMOD";"Court";0,125;0,125;0,125;0,125;0,125;"Atlantique"
1995;"JUV";"PRUMOD";"Court";0,25;0,25;0,25;0,25;0,25;"Atlantique"
1996;"JUV";"PRUMOD";"Court";0;0;0;0;0;"Atlantique"
2000;"JUV";"PRUMOD";"Court";0;0;0;0;0;"Atlantique"
2001;"JUV";"PRUMOD";"Court";0;0;0;0,0714285714285714;0,264285714285714;"Atlantique"
2002;"JUV";"PRUMOD";"Court";0;0;0;0;0;"Atlantique"
2003;"JUV";"PRUMOD";"Court";0;0;0;0;0;"Atlantique"
2004;"JUV";"PRUMOD";"Court";0;0;0;0;0;"Atlantique"
2005;"JUV";"PRUMOD";"Court";0;0;0;0;0;"Atlantique"
2006;"JUV";"PRUMOD";"Court";0;0;0;0;0,1;"Atlantique"
2007;"JUV";"PRUMOD";"Court";0;0;0;0;0,555555555555556;"Atlantique"
2008;"JUV";"PRUMOD";"Court";0;0;0;0;0,3625;"Atlantique"
2009;"JUV";"PRUMOD";"Court";0;0;0;0;0,103125;"Atlantique"
2010;"JUV";"PRUMOD";"Court";0;0;0;0;0;"Atlantique"
2011;"JUV";"PRUMOD";"Court";0;0;0,0555555555555556;0,168402777777778;0,315104166666667;"Atlantique"
2012;"JUV";"PRUMOD";"Court";0;0;0;0;0;"Atlantique"
2013;"JUV";"PRUMOD";"Court";0;0;0;0;0;"Atlantique"
2014;"JUV";"PRUMOD";"Court";0;0;0;0;0;"Atlantique"
2015;"JUV";"PRUMOD";"Court";0;0;0;0;0,425;"Atlantique"
2016;"JUV";"PRUMOD";"Court";0;0;0;0;0,109375;"Atlantique"
2017;"JUV";"PRUMOD";"Court";0;0;0;0;0;"Atlantique"
2018;"JUV";"PRUMOD";"Court";0;0;0;0,1875;0,31875;"Atlantique"
2019;"JUV";"PRUMOD";"Court";0;0;0;0,05;0,3;"Atlantique"
2020;"JUV";"PRUMOD";"Court";0;0;0;0;0,055;"Atlantique"
2021;"JUV";"PRUMOD";"Court";0;0;0;0;0,066;"Atlantique"
1990;"AD";"SYLATR";"Court";0,0542857142857143;0,0691729323308271;0,0857142857142857;0,100549450549451;0,113901098901099;"Atlantique"
1991;"AD";"SYLATR";"Court";0;0;0;0;0;"Atlantique"
1992;"AD";"SYLATR";"Court";0;0;0;0,0147058823529412;0,0544117647058823;"Atlantique"
1993;"AD";"SYLATR";"Court";0;0;0;0,0694444444444444;0,131944444444444;"Atlantique"
1994;"AD";"SYLATR";"Court";0,00462962962962961;0,0462962962962963;0,0925925925925926;0,138888888888889;0,180555555555556;"Atlantique"
1995;"AD";"SYLATR";"Court";0;0;0;0,0967741935483871;0,183870967741936;"Atlantique"
1996;"AD";"SYLATR";"Court";0;0;0;0;0;"Atlantique"
1997;"AD";"SYLATR";"Court";0,2;0,2;0,2;0,2;0,2;"Atlantique"
1998;"AD";"SYLATR";"Court";0;0;0;0;0;"Atlantique"
1999;"AD";"SYLATR";"Court";0,00499999999999998;0,05;0,1;0,15;0,195;"Atlantique"
2000;"AD";"SYLATR";"Court";0;0,00531914893617021;0,0319148936170213;0,059025394646534;0,202508960573477;"Atlantique"
2001;"AD";"SYLATR";"Court";0;0;0;0,100732600732601;0,27687969924812;"Atlantique"
2002;"AD";"SYLATR";"Court";0;0;0;0,0524453024453024;0,150274725274725;"Atlantique"
2003;"AD";"SYLATR";"Court";0;0;0,06875;0,129901960784314;0,185369318181818;"Atlantique"
2004;"AD";"SYLATR";"Court";0;0;0;0,0666666666666667;0,175925925925926;"Atlantique"
2005;"AD";"SYLATR";"Court";0;0;0;0,0616666666666667;0,231696428571428;"Atlantique"
2006;"AD";"SYLATR";"Court";0;0;0;0,111111111111111;0,742857142857144;"Atlantique"
2007;"AD";"SYLATR";"Court";0;0;0;0,0635416666666667;0,178214285714285;"Atlantique"
2008;"AD";"SYLATR";"Court";0;0;0;0,0714285714285714;0,229545454545455;"Atlantique"
2009;"AD";"SYLATR";"Court";0;0;0;0,101315789473684;0,348333333333333;"Atlantique"
2010;"AD";"SYLATR";"Court";0;0;0;0,0912698412698413;0,259661835748792;"Atlantique"
2011;"AD";"SYLATR";"Court";0;0;0;0,0740740740740741;0,256666666666667;"Atlantique"
2012;"AD";"SYLATR";"Court";0;0;0;0,0633116883116883;0,21;"Atlantique"
2013;"AD";"SYLATR";"Court";0;0;0;0,1;0,255113636363636;"Atlantique"
2014;"AD";"SYLATR";"Court";0;0;0;0,0909090909090909;0,201666666666667;"Atlantique"
2015;"AD";"SYLATR";"Court";0;0;0;0,0692307692307692;0,177058823529412;"Atlantique"
2016;"AD";"SYLATR";"Court";0;0;0,037037037037037;0,154761904761905;0,2625;"Atlantique"
2017;"AD";"SYLATR";"Court";0;0;0;0,0615808823529412;0,248295454545455;"Atlantique"
2018;"AD";"SYLATR";"Court";0;0;0,0544117647058824;0,127083333333333;0,285119047619048;"Atlantique"
2019;"AD";"SYLATR";"Court";0;0;0;0,0922619047619048;0,228846153846154;"Atlantique"
2020;"AD";"SYLATR";"Court";0;0;0,0625;0,101315789473684;0,232070135746606;"Atlantique"
2021;"AD";"SYLATR";"Court";0;0;0;0,0909090909090909;0,25;"Atlantique"
1990;"JUV";"SYLATR";"Court";0;0;0;0,0833333333333333;0,158333333333333;"Atlantique"
1991;"JUV";"SYLATR";"Court";0;0;0;0,0357142857142857;0,132142857142857;"Atlantique"
1992;"JUV";"SYLATR";"Court";0;0;0;0,00555555555555556;0,0205555555555556;"Atlantique"
1993;"JUV";"SYLATR";"Court";0,00178571428571429;0,0178571428571429;0,0357142857142857;0,0491071428571429;0,0611607142857143;"Atlantique"
1994;"JUV";"SYLATR";"Court";0;0;0;0;0;"Atlantique"
1995;"JUV";"SYLATR";"Court";0;0;0;0;0;"Atlantique"
1996;"JUV";"SYLATR";"Court";0;0;0;0;0;"Atlantique"
1998;"JUV";"SYLATR";"Court";0;0;0;0;0;"Atlantique"
1999;"JUV";"SYLATR";"Court";0,00044642857142857;0,00446428571428571;0,00892857142857143;0,0133928571428571;0,0174107142857143;"Atlantique"
2000;"JUV";"SYLATR";"Court";0;0;0;0;0,0191489361702128;"Atlantique"
2001;"JUV";"SYLATR";"Court";0;0;0;0;0;"Atlantique"
2002;"JUV";"SYLATR";"Court";0;0;0;0;0,0477663706992231;"Atlantique"
2003;"JUV";"SYLATR";"Court";0;0;0;0;0,120542635658915;"Atlantique"
2004;"JUV";"SYLATR";"Court";0;0;0;0;0;"Atlantique"
2005;"JUV";"SYLATR";"Court";0;0;0;0;0,0128571428571428;"Atlantique"
2006;"JUV";"SYLATR";"Court";0;0;0;0;0,0325;"Atlantique"
2007;"JUV";"SYLATR";"Court";0;0;0;0;0,129017857142857;"Atlantique"
2008;"JUV";"SYLATR";"Court";0;0;0;0;0,375;"Atlantique"
2009;"JUV";"SYLATR";"Court";0;0;0;0;0,155714285714286;"Atlantique"
2010;"JUV";"SYLATR";"Court";0;0;0;0;0,196428571428571;"Atlantique"
2011;"JUV";"SYLATR";"Court";0;0;0;0,0248290459133833;0,129884615384615;"Atlantique"
2012;"JUV";"SYLATR";"Court";0;0;0;0;0,0539434523809524;"Atlantique"
2013;"JUV";"SYLATR";"Court";0;0;0;0;0,383333333333333;"Atlantique"
2014;"JUV";"SYLATR";"Court";0;0;0;0,0308349146110057;0,109243697478992;"Atlantique"
2015;"JUV";"SYLATR";"Court";0;0;0;0;0,085;"Atlantique"
2016;"JUV";"SYLATR";"Court";0;0;0;0;0,0848214285714286;"Atlantique"
2017;"JUV";"SYLATR";"Court";0;0;0;0;0,222222222222222;"Atlantique"
2018;"JUV";"SYLATR";"Court";0;0;0;0;0,115;"Atlantique"
2019;"JUV";"SYLATR";"Court";0;0;0;0;0,109444444444444;"Atlantique"
2020;"JUV";"SYLATR";"Court";0;0;0;0;0,123295454545454;"Atlantique"
2021;"JUV";"SYLATR";"Court";0;0;0;0;0,111904761904762;"Atlantique"
1990;"AD";"TURMER";"Court";0;0;0,0517241379310345;0,170178799489144;0,350351213282248;"Atlantique"
1991;"AD";"TURMER";"Court";0;0;0;0,111111111111111;0,236111111111111;"Atlantique"
1992;"AD";"TURMER";"Court";0;0;0;0,285714285714286;0,343571428571429;"Atlantique"
1993;"AD";"TURMER";"Court";0,015;0,15;0,225;0,25;0,25;"Atlantique"
1994;"AD";"TURMER";"Court";0,00394736842105264;0,0394736842105263;0,0789473684210526;0,0894736842105263;0,0989473684210526;"Atlantique"
1995;"AD";"TURMER";"Court";0;0;0,142857142857143;0,28781512605042;0,293487394957983;"Atlantique"
1996;"AD";"TURMER";"Court";0,00416666666666665;0,0416666666666667;0,0833333333333333;0,125;0,1625;"Atlantique"
1997;"AD";"TURMER";"Court";0,252678571428571;0,276785714285714;0,303571428571429;0,330357142857143;0,354464285714286;"Atlantique"
1998;"AD";"TURMER";"Court";0,223484848484848;0,234848484848485;0,247474747474747;0,26010101010101;0,271464646464646;"Atlantique"
1999;"AD";"TURMER";"Court";0,00625000000000001;0,0625;0,125;0,1625;0,19625;"Atlantique"
2000;"AD";"TURMER";"Court";0;0,0277777777777778;0,11437908496732;0,216911764705882;0,28125;"Atlantique"
2001;"AD";"TURMER";"Court";0;0;0,0384615384615385;0,272727272727273;0,403508771929825;"Atlantique"
2002;"AD";"TURMER";"Court";0;0;0;0,153846153846154;0,205555555555555;"Atlantique"
2003;"AD";"TURMER";"Court";0;0;0,111111111111111;0,2;0,329545454545454;"Atlantique"
2004;"AD";"TURMER";"Court";0;0;0;0,115357142857143;0,2625;"Atlantique"
2005;"AD";"TURMER";"Court";0;0;0;0,125;0,32;"Atlantique"
2006;"AD";"TURMER";"Court";0;0;0;0,100961538461538;0,2;"Atlantique"
2007;"AD";"TURMER";"Court";0;0,025;0,195238095238095;0,355555555555556;0,811111111111111;"Atlantique"
2008;"AD";"TURMER";"Court";0;0;0;0,142857142857143;0,3075;"Atlantique"
2009;"AD";"TURMER";"Court";0;0;0,0833333333333333;0,2;0,441666666666667;"Atlantique"
2010;"AD";"TURMER";"Court";0;0;0,104166666666667;0,266666666666667;0,799999999999999;"Atlantique"
2011;"AD";"TURMER";"Court";0;0;0,0860805860805861;0,196428571428571;0,432222222222222;"Atlantique"
2012;"AD";"TURMER";"Court";0;0;0,0909090909090909;0,19047619047619;0,377777777777778;"Atlantique"
2013;"AD";"TURMER";"Court";0;0,0848214285714286;0,202020202020202;0,285714285714286;0,325;"Atlantique"
2014;"AD";"TURMER";"Court";0;0;0,0909090909090909;0,142857142857143;0,511111111111111;"Atlantique"
2015;"AD";"TURMER";"Court";0;0;0,162337662337662;0,267045454545455;0,510714285714286;"Atlantique"
2016;"AD";"TURMER";"Court";0;0;0;0,10625;0,375;"Atlantique"
2017;"AD";"TURMER";"Court";0;0;0,1;0,190909090909091;0,441666666666667;"Atlantique"
2018;"AD";"TURMER";"Court";0;0;0,1;0,166666666666667;0,365454545454546;"Atlantique"
2019;"AD";"TURMER";"Court";0;0;0;0,285714285714286;0,375;"Atlantique"
2020;"AD";"TURMER";"Court";0;0;0,0416666666666667;0,205555555555556;0,456730769230769;"Atlantique"
2021;"AD";"TURMER";"Court";0;0;0,113095238095238;0,230113636363636;0,896875;"Atlantique"
1990;"JUV";"TURMER";"Court";0;0;0;0;0;"Atlantique"
1991;"JUV";"TURMER";"Court";0;0;0;0;0,0818181818181819;"Atlantique"
1992;"JUV";"TURMER";"Court";0;0;0;0;0;"Atlantique"
1993;"JUV";"TURMER";"Court";0;0;0;0,0166666666666667;0,0616666666666667;"Atlantique"
1994;"JUV";"TURMER";"Court";0,00454545454545455;0,0454545454545455;0,0909090909090909;0,145454545454545;0,194545454545455;"Atlantique"
1995;"JUV";"TURMER";"Court";0;0;0;0,015625;0,0578125;"Atlantique"
1996;"JUV";"TURMER";"Court";0;0;0;0;0;"Atlantique"
1997;"JUV";"TURMER";"Court";0,10375;0,1375;0,175;0,2125;0,24625;"Atlantique"
1998;"JUV";"TURMER";"Court";0,00131578947368421;0,0131578947368421;0,0263157894736842;0,0394736842105263;0,0513157894736842;"Atlantique"
1999;"JUV";"TURMER";"Court";0,0111111111111111;0,111111111111111;0,222222222222222;0,236111111111111;0,248611111111111;"Atlantique"
2000;"JUV";"TURMER";"Court";0;0;0;0;0;"Atlantique"
2001;"JUV";"TURMER";"Court";0;0;0;0;0,2;"Atlantique"
2002;"JUV";"TURMER";"Court";0;0;0;0;0,167272727272727;"Atlantique"
2003;"JUV";"TURMER";"Court";0;0;0;0;0,1175;"Atlantique"
2004;"JUV";"TURMER";"Court";0;0;0;0,025;0,11625;"Atlantique"
2005;"JUV";"TURMER";"Court";0;0;0;0;0,2;"Atlantique"
2006;"JUV";"TURMER";"Court";0;0;0;0;0,129166666666667;"Atlantique"
2007;"JUV";"TURMER";"Court";0;0;0;0;0,375;"Atlantique"
2008;"JUV";"TURMER";"Court";0;0;0;0;0,65;"Atlantique"
2009;"JUV";"TURMER";"Court";0;0;0;0;0,2125;"Atlantique"
2010;"JUV";"TURMER";"Court";0;0;0;0,0416666666666667;0,770833333333333;"Atlantique"
2011;"JUV";"TURMER";"Court";0;0;0;0,0416666666666667;0,25;"Atlantique"
2012;"JUV";"TURMER";"Court";0;0;0;0;0;"Atlantique"
2013;"JUV";"TURMER";"Court";0;0;0;0,0454545454545455;0,8;"Atlantique"
2014;"JUV";"TURMER";"Court";0;0;0;0,0926315789473684;0,18;"Atlantique"
2015;"JUV";"TURMER";"Court";0;0;0;0;0,480000000000001;"Atlantique"
2016;"JUV";"TURMER";"Court";0;0;0;0;0;"Atlantique"
2017;"JUV";"TURMER";"Court";0;0;0;0;0,721428571428571;"Atlantique"
2018;"JUV";"TURMER";"Court";0;0;0;0;0,0823863636363636;"Atlantique"
2019;"JUV";"TURMER";"Court";0;0;0;0;0,41;"Atlantique"
2020;"JUV";"TURMER";"Court";0;0;0;0;0,0788770053475936;"Atlantique"
2021;"JUV";"TURMER";"Court";0;0;0;0;0;"Atlantique"
1990;"AD";"ACRSCI";"Long";0,162162162162162;0,162162162162162;0,162162162162162;0,162162162162162;0,162162162162162;"Atlantique"
1991;"AD";"ACRSCI";"Long";0,00499999999999998;0,05;0,1;0,15;0,195;"Atlantique"
1992;"AD";"ACRSCI";"Long";0;0;0;0;0;"Atlantique"
1993;"AD";"ACRSCI";"Long";0;0;0;0;0;"Atlantique"
1994;"AD";"ACRSCI";"Long";0,133333333333333;0,133333333333333;0,133333333333333;0,133333333333333;0,133333333333333;"Atlantique"
1995;"AD";"ACRSCI";"Long";0;0;0;0;0;"Atlantique"
1997;"AD";"ACRSCI";"Long";0;0;0;0;0;"Atlantique"
1998;"AD";"ACRSCI";"Long";0,0833333333333333;0,0833333333333333;0,0833333333333333;0,0833333333333333;0,0833333333333333;"Atlantique"
1999;"AD";"ACRSCI";"Long";0,0344827586206897;0,0344827586206897;0,0344827586206897;0,0344827586206897;0,0344827586206897;"Atlantique"
2000;"AD";"ACRSCI";"Long";0;0;0;0;0;"Atlantique"
2001;"AD";"ACRSCI";"Long";0,111111111111111;0,111111111111111;0,111111111111111;0,111111111111111;0,111111111111111;"Atlantique"
2002;"AD";"ACRSCI";"Long";0,0833333333333333;0,0833333333333333;0,0833333333333333;0,135416666666667;0,182291666666667;"Atlantique"
2003;"AD";"ACRSCI";"Long";0,0527631578947368;0,0776315789473684;0,105263157894737;0,302631578947368;0,480263157894737;"Atlantique"
2004;"AD";"ACRSCI";"Long";0;0;0;0,0555555555555556;0,205555555555555;"Atlantique"
2005;"AD";"ACRSCI";"Long";0,0076923076923077;0,0769230769230769;0,0952380952380952;0,142857142857143;0,164285714285714;"Atlantique"
2006;"AD";"ACRSCI";"Long";0;0;0,111111111111111;0,131578947368421;0,238157894736842;"Atlantique"
2007;"AD";"ACRSCI";"Long";0,00263157894736842;0,0263157894736842;0,115384615384615;0,176470588235294;0,179647058823529;"Atlantique"
2008;"AD";"ACRSCI";"Long";0,0496162280701754;0,108359133126935;0,127005347593583;0,164525691699605;0,568614130434783;"Atlantique"
2009;"AD";"ACRSCI";"Long";0;0,0238095238095238;0,111111111111111;0,22737556561086;0,34180602006689;"Atlantique"
2010;"AD";"ACRSCI";"Long";0;0;0,04;0,137899262899263;0,369636824324324;"Atlantique"
2011;"AD";"ACRSCI";"Long";0;0;0,148484848484848;0,225745257452575;0,34672514619883;"Atlantique"
2012;"AD";"ACRSCI";"Long";0,00978260869565217;0,0780632411067194;0,125;0,169856459330144;0,216161616161616;"Atlantique"
2013;"AD";"ACRSCI";"Long";0;0,0197368421052632;0,126696832579186;0,205316742081448;0,242279411764706;"Atlantique"
2014;"AD";"ACRSCI";"Long";0,034755608974359;0,0683760683760684;0,127727856225931;0,247368421052632;0,360032894736842;"Atlantique"
2015;"AD";"ACRSCI";"Long";0;0;0,0833333333333333;0,166666666666667;0,220567375886525;"Atlantique"
2016;"AD";"ACRSCI";"Long";0;0;0;0,153061224489796;0,230550401978973;"Atlantique"
2017;"AD";"ACRSCI";"Long";0,015;0,102631578947368;0,111111111111111;0,127016129032258;0,161021505376344;"Atlantique"
2018;"AD";"ACRSCI";"Long";0;0;0,1;0,137931034482759;0,382857142857143;"Atlantique"
2019;"AD";"ACRSCI";"Long";0;0,0476190476190476;0,0833333333333333;0,117647058823529;0,189880952380952;"Atlantique"
2020;"AD";"ACRSCI";"Long";0;0,05;0,0984615384615385;0,141746411483254;0,221749226006192;"Atlantique"
2021;"AD";"ACRSCI";"Long";0;0;0;0,0333333333333333;0,11625;"Atlantique"
1990;"JUV";"ACRSCI";"Long";0;0;0;0;0;"Atlantique"
1992;"JUV";"ACRSCI";"Long";0;0;0;0;0;"Atlantique"
1997;"JUV";"ACRSCI";"Long";0;0;0;0;0;"Atlantique"
1998;"JUV";"ACRSCI";"Long";0;0;0;0;0;"Atlantique"
1999;"JUV";"ACRSCI";"Long";0;0;0;0;0;"Atlantique"
2000;"JUV";"ACRSCI";"Long";0;0;0;0;0;"Atlantique"
2002;"JUV";"ACRSCI";"Long";0;0;0;0;0;"Atlantique"
2003;"JUV";"ACRSCI";"Long";0;0;0;0;0;"Atlantique"
2004;"JUV";"ACRSCI";"Long";0;0;0;0;0;"Atlantique"
2005;"JUV";"ACRSCI";"Long";0,0046875;0,046875;0,102678571428571;0,357142857142857;0,935714285714286;"Atlantique"
2006;"JUV";"ACRSCI";"Long";0;0;0;0;0;"Atlantique"
2007;"JUV";"ACRSCI";"Long";0;0;0;0;0;"Atlantique"
2008;"JUV";"ACRSCI";"Long";0;0;0;0,0833333333333333;0,158333333333333;"Atlantique"
2009;"JUV";"ACRSCI";"Long";0;0;0;0;0,141666666666667;"Atlantique"
2010;"JUV";"ACRSCI";"Long";0;0;0;0;0,0473684210526316;"Atlantique"
2011;"JUV";"ACRSCI";"Long";0;0;0;0,0555555555555556;0,134126984126984;"Atlantique"
2012;"JUV";"ACRSCI";"Long";0;0;0;0;0,0416666666666667;"Atlantique"
2013;"JUV";"ACRSCI";"Long";0;0;0;0,0833333333333333;0,451388888888889;"Atlantique"
2014;"JUV";"ACRSCI";"Long";0;0;0;0;0,425;"Atlantique"
2015;"JUV";"ACRSCI";"Long";0;0;0;0;0,0800000000000001;"Atlantique"
2016;"JUV";"ACRSCI";"Long";0;0;0;0;0,0425;"Atlantique"
2017;"JUV";"ACRSCI";"Long";0;0;0;0,075;0,8875;"Atlantique"
2018;"JUV";"ACRSCI";"Long";0;0;0;0;0;"Atlantique"
2019;"JUV";"ACRSCI";"Long";0;0;0;0,107142857142857;0,163690476190476;"Atlantique"
2020;"JUV";"ACRSCI";"Long";0;0;0;0;0;"Atlantique"
2021;"JUV";"ACRSCI";"Long";0;0;0;0;0,425;"Atlantique"
1991;"AD";"HIPPOL";"Long";0;0;0;0;0;"Atlantique"
1992;"AD";"HIPPOL";"Long";0;0;0;0;0;"Atlantique"
1993;"AD";"HIPPOL";"Long";0;0;0;0;0;"Atlantique"
1994;"AD";"HIPPOL";"Long";0,142857142857143;0,142857142857143;0,142857142857143;0,142857142857143;0,142857142857143;"Atlantique"
1995;"AD";"HIPPOL";"Long";0;0;0;0;0;"Atlantique"
1997;"AD";"HIPPOL";"Long";0;0;0;0;0;"Atlantique"
1998;"AD";"HIPPOL";"Long";0;0;0;0;0;"Atlantique"
1999;"AD";"HIPPOL";"Long";0;0;0;0;0;"Atlantique"
2000;"AD";"HIPPOL";"Long";0,230769230769231;0,230769230769231;0,230769230769231;0,230769230769231;0,230769230769231;"Atlantique"
2001;"AD";"HIPPOL";"Long";0,0034090909090909;0,0340909090909091;0,0681818181818182;0,102272727272727;0,132954545454545;"Atlantique"
2002;"AD";"HIPPOL";"Long";0;0;0;0,0833333333333333;0,308333333333333;"Atlantique"
2003;"AD";"HIPPOL";"Long";0;0;0;0;0,0972222222222222;"Atlantique"
2004;"AD";"HIPPOL";"Long";0;0;0;0,0940438871473354;0,327478448275862;"Atlantique"
2005;"AD";"HIPPOL";"Long";0,0142857142857143;0,0833333333333333;0,111111111111111;0,142857142857143;0,408080808080808;"Atlantique"
2006;"AD";"HIPPOL";"Long";0;0;0;0;0,0600000000000001;"Atlantique"
2007;"AD";"HIPPOL";"Long";0;0;0;0,0517857142857143;0,111785714285714;"Atlantique"
2008;"AD";"HIPPOL";"Long";0;0;0,0227272727272727;0,105113636363636;0,184979838709677;"Atlantique"
2009;"AD";"HIPPOL";"Long";0;0;0,125;0,176470588235294;0,325714285714286;"Atlantique"
2010;"AD";"HIPPOL";"Long";0;0,0714285714285714;0,166666666666667;0,1875;0,312820512820513;"Atlantique"
2011;"AD";"HIPPOL";"Long";0;0;0,0357142857142857;0,0817307692307692;0,189806547619048;"Atlantique"
2012;"AD";"HIPPOL";"Long";0;0;0,0263157894736842;0,115942028985507;0,225891861761427;"Atlantique"
2013;"AD";"HIPPOL";"Long";0;0;0,0907103825136612;0,226190476190476;0,292753623188406;"Atlantique"
2014;"AD";"HIPPOL";"Long";0,0105263157894737;0,0625;0,105263157894737;0,125;0,219397993311037;"Atlantique"
2015;"AD";"HIPPOL";"Long";0;0;0,0238095238095238;0,12987012987013;0,15189205955335;"Atlantique"
2016;"AD";"HIPPOL";"Long";0;0;0;0,111111111111111;0,30062893081761;"Atlantique"
2017;"AD";"HIPPOL";"Long";0;0;0;0,0668498168498168;0,101785714285714;"Atlantique"
2018;"AD";"HIPPOL";"Long";0;0;0,109649122807018;0,195833333333333;0,279464285714286;"Atlantique"
2019;"AD";"HIPPOL";"Long";0;0;0,0357142857142857;0,116515837104072;0,350551470588235;"Atlantique"
2020;"AD";"HIPPOL";"Long";0;0;0;0,0789473684210526;0,130344827586207;"Atlantique"
2021;"AD";"HIPPOL";"Long";0;0;0;0,15;0,24375;"Atlantique"
1992;"JUV";"HIPPOL";"Long";0;0;0;0;0;"Atlantique"
1994;"JUV";"HIPPOL";"Long";0;0;0;0;0;"Atlantique"
1995;"JUV";"HIPPOL";"Long";0;0;0;0;0;"Atlantique"
2000;"JUV";"HIPPOL";"Long";0;0;0;0;0;"Atlantique"
2001;"JUV";"HIPPOL";"Long";0;0;0;0;0;"Atlantique"
2002;"JUV";"HIPPOL";"Long";0;0;0;0;0;"Atlantique"
2003;"JUV";"HIPPOL";"Long";0;0;0;0;0;"Atlantique"
2004;"JUV";"HIPPOL";"Long";0;0;0;0;0;"Atlantique"
2005;"JUV";"HIPPOL";"Long";0;0;0;0;0;"Atlantique"
2006;"JUV";"HIPPOL";"Long";0;0;0;0;0;"Atlantique"
2007;"JUV";"HIPPOL";"Long";0;0;0;0;0;"Atlantique"
2008;"JUV";"HIPPOL";"Long";0;0;0;0;0;"Atlantique"
2009;"JUV";"HIPPOL";"Long";0;0;0;0;0;"Atlantique"
2010;"JUV";"HIPPOL";"Long";0;0;0;0;0;"Atlantique"
2011;"JUV";"HIPPOL";"Long";0;0;0;0;0,0951923076923077;"Atlantique"
2012;"JUV";"HIPPOL";"Long";0;0;0;0;0,0625;"Atlantique"
2013;"JUV";"HIPPOL";"Long";0;0;0;0;0;"Atlantique"
2014;"JUV";"HIPPOL";"Long";0;0;0;0;0,0916666666666667;"Atlantique"
2015;"JUV";"HIPPOL";"Long";0;0;0;0,0967741935483871;0,866666666666667;"Atlantique"
2016;"JUV";"HIPPOL";"Long";0;0;0;0,0227272727272727;0,0840909090909091;"Atlantique"
2017;"JUV";"HIPPOL";"Long";0;0;0;0,0185185185185185;0,0685185185185185;"Atlantique"
2018;"JUV";"HIPPOL";"Long";0;0;0;0;0;"Atlantique"
2019;"JUV";"HIPPOL";"Long";0;0;0;0;0;"Atlantique"
2020;"JUV";"HIPPOL";"Long";0;0;0;0;0;"Atlantique"
2021;"JUV";"HIPPOL";"Long";0;0;0;0;0;"Atlantique"
1990;"AD";"LUSMEG";"Long";0,0669230769230769;0,0692307692307692;0,0717948717948718;0,0743589743589744;0,0766666666666667;"Atlantique"
1991;"AD";"LUSMEG";"Long";0,005;0,05;0,1;0,138235294117647;0,172647058823529;"Atlantique"
1992;"AD";"LUSMEG";"Long";0,00714285714285715;0,0714285714285714;0,142857142857143;0,196428571428571;0,244642857142857;"Atlantique"
1993;"AD";"LUSMEG";"Long";0,00357142857142856;0,0357142857142857;0,0714285714285714;0,107142857142857;0,139285714285714;"Atlantique"
1994;"AD";"LUSMEG";"Long";0,263157894736842;0,263157894736842;0,263157894736842;0,263157894736842;0,263157894736842;"Atlantique"
1995;"AD";"LUSMEG";"Long";0;0;0;0;0;"Atlantique"
1997;"AD";"LUSMEG";"Long";0,125;0,125;0,125;0,125;0,125;"Atlantique"
1998;"AD";"LUSMEG";"Long";0,333333333333333;0,333333333333333;0,333333333333333;0,333333333333333;0,333333333333333;"Atlantique"
1999;"AD";"LUSMEG";"Long";0,364267676767677;0,369949494949495;0,376262626262626;0,382575757575758;0,388257575757576;"Atlantique"
2000;"AD";"LUSMEG";"Long";0,128125;0,15625;0,1875;0,21875;0,246875;"Atlantique"
2001;"AD";"LUSMEG";"Long";0,0926086956521739;0,143478260869565;0,2;0,327272727272727;0,441818181818182;"Atlantique"
2002;"AD";"LUSMEG";"Long";0,113492063492063;0,134920634920635;0,154761904761905;0,175;0,1975;"Atlantique"
2003;"AD";"LUSMEG";"Long";0,0818681318681319;0,126373626373626;0,171428571428571;0,225;0,2925;"Atlantique"
2004;"AD";"LUSMEG";"Long";0,0140625;0,140625;0,21875;0,28125;0,365625;"Atlantique"
2005;"AD";"LUSMEG";"Long";0,0105263157894737;0,105263157894737;0,136363636363636;0,315789473684211;0,331578947368421;"Atlantique"
2006;"AD";"LUSMEG";"Long";0,00833333333333333;0,0833333333333333;0,118055555555556;0,177083333333333;0,317708333333333;"Atlantique"
2007;"AD";"LUSMEG";"Long";0,0125;0,125;0,186274509803922;0,213235294117647;0,233088235294118;"Atlantique"
2008;"AD";"LUSMEG";"Long";0,00714285714285714;0,0714285714285714;0,103174603174603;0,18859649122807;0,39780701754386;"Atlantique"
2009;"AD";"LUSMEG";"Long";0,0567460317460317;0,0674603174603175;0,0727513227513227;0,138888888888889;0,313888888888889;"Atlantique"
2010;"AD";"LUSMEG";"Long";0,0502173913043478;0,110869565217391;0,157575757575758;0,186363636363636;0,198636363636364;"Atlantique"
2011;"AD";"LUSMEG";"Long";0,0142857142857143;0,142857142857143;0,231601731601732;0,298295454545455;0,367329545454545;"Atlantique"
2012;"AD";"LUSMEG";"Long";0,00625000000000001;0,0625;0,125;0,169642857142857;0,209821428571429;"Atlantique"
2013;"AD";"LUSMEG";"Long";0,106111111111111;0,161111111111111;0,222222222222222;0,277777777777778;0,327777777777778;"Atlantique"
2014;"AD";"LUSMEG";"Long";0,0138888888888889;0,138888888888889;0,277777777777778;0,361111111111111;0,436111111111111;"Atlantique"
2015;"AD";"LUSMEG";"Long";0,0590277777777778;0,0902777777777778;0,125;0,2625;0,38625;"Atlantique"
2016;"AD";"LUSMEG";"Long";0,0659502262443439;0,130090497737557;0,243589743589744;0,5;0,95;"Atlantique"
2017;"AD";"LUSMEG";"Long";0,0865384615384615;0,115384615384615;0,142857142857143;0,2;0,277142857142857;"Atlantique"
2018;"AD";"LUSMEG";"Long";0;0,0277777777777778;0,155555555555556;0,2375;0,25;"Atlantique"
2019;"AD";"LUSMEG";"Long";0;0;0,125;0,276785714285714;0,327380952380952;"Atlantique"
2020;"AD";"LUSMEG";"Long";0;0,0681818181818182;0,204545454545455;0,308333333333333;0,358333333333333;"Atlantique"
2021;"AD";"LUSMEG";"Long";0,0175;0,157352941176471;0,2;0,23015873015873;0,296111111111111;"Atlantique"
1990;"JUV";"LUSMEG";"Long";0;0;0;0;0;"Atlantique"
1991;"JUV";"LUSMEG";"Long";0;0;0;0,1;0,19;"Atlantique"
1992;"JUV";"LUSMEG";"Long";0;0;0;0,125;0,2375;"Atlantique"
1993;"JUV";"LUSMEG";"Long";0,00277777777777777;0,0277777777777778;0,0555555555555556;0,0833333333333333;0,108333333333333;"Atlantique"
1994;"JUV";"LUSMEG";"Long";0;0;0;0;0;"Atlantique"
1995;"JUV";"LUSMEG";"Long";0;0;0;0;0;"Atlantique"
1997;"JUV";"LUSMEG";"Long";0;0;0;0;0;"Atlantique"
1998;"JUV";"LUSMEG";"Long";0,111111111111111;0,111111111111111;0,111111111111111;0,111111111111111;0,111111111111111;"Atlantique"
1999;"JUV";"LUSMEG";"Long";0;0;0;0;0;"Atlantique"
2000;"JUV";"LUSMEG";"Long";0;0;0;0;0;"Atlantique"
2001;"JUV";"LUSMEG";"Long";0;0;0;0,05;0,095;"Atlantique"
2002;"JUV";"LUSMEG";"Long";0;0;0;0;0;"Atlantique"
2003;"JUV";"LUSMEG";"Long";0,00576923076923077;0,0576923076923077;0,0801282051282051;0,125;0,2375;"Atlantique"
2004;"JUV";"LUSMEG";"Long";0;0;0;0,0138888888888889;0,0513888888888889;"Atlantique"
2005;"JUV";"LUSMEG";"Long";0;0;0,0769230769230769;0,0952380952380952;0,10952380952381;"Atlantique"
2006;"JUV";"LUSMEG";"Long";0;0;0,0208333333333333;0,0729166666666667;0,157291666666667;"Atlantique"
2007;"JUV";"LUSMEG";"Long";0,00625;0,0625;0,0871212121212121;0,151515151515151;0,315151515151515;"Atlantique"
2008;"JUV";"LUSMEG";"Long";0;0;0;0;0;"Atlantique"
2009;"JUV";"LUSMEG";"Long";0;0;0;0,0416666666666667;0,154166666666667;"Atlantique"
2010;"JUV";"LUSMEG";"Long";0;0;0;0;0;"Atlantique"
2011;"JUV";"LUSMEG";"Long";0;0;0;0,0333333333333333;0,123333333333333;"Atlantique"
2012;"JUV";"LUSMEG";"Long";0,00416666666666667;0,0416666666666667;0,0833333333333333;0,291666666666667;0,479166666666667;"Atlantique"
2013;"JUV";"LUSMEG";"Long";0;0;0;0,166666666666667;0,316666666666667;"Atlantique"
2014;"JUV";"LUSMEG";"Long";0;0;0;0;0;"Atlantique"
2015;"JUV";"LUSMEG";"Long";0,00555555555555556;0,0555555555555556;0,111111111111111;0,155555555555556;0,195555555555556;"Atlantique"
2016;"JUV";"LUSMEG";"Long";0;0;0;0,166666666666667;0,316666666666667;"Atlantique"
2017;"JUV";"LUSMEG";"Long";0;0;0;0,0769230769230769;0,120192307692308;"Atlantique"
2018;"JUV";"LUSMEG";"Long";0;0;0;0,0357142857142857;0,0642857142857143;"Atlantique"
2019;"JUV";"LUSMEG";"Long";0;0;0,0714285714285714;0,223214285714286;0,46875;"Atlantique"
2020;"JUV";"LUSMEG";"Long";0;0;0;0;0,117857142857143;"Atlantique"
2021;"JUV";"LUSMEG";"Long";0;0;0;0;0;"Atlantique"
1990;"AD";"SYLBOR";"Long";0,177321981424149;0,184984520123839;0,193498452012384;0,202012383900929;0,209674922600619;"Atlantique"
1991;"AD";"SYLBOR";"Long";0,0647836538461538;0,0853365384615385;0,108173076923077;0,131009615384615;0,1515625;"Atlantique"
1992;"AD";"SYLBOR";"Long";0,00277777777777777;0,0277777777777778;0,0555555555555556;0,0833333333333333;0,108333333333333;"Atlantique"
1993;"AD";"SYLBOR";"Long";0;0;0;0;0;"Atlantique"
1995;"AD";"SYLBOR";"Long";0;0;0;0;0;"Atlantique"
1999;"AD";"SYLBOR";"Long";0,625;0,625;0,625;0,625;0,625;"Atlantique"
2000;"AD";"SYLBOR";"Long";0,00434782608695653;0,0434782608695652;0,0869565217391304;0,168478260869565;0,241847826086957;"Atlantique"
2001;"AD";"SYLBOR";"Long";0,25625;0,3125;0,375;0,4375;0,49375;"Atlantique"
2002;"AD";"SYLBOR";"Long";0;0;0,1;0,3;0,341538461538462;"Atlantique"
2003;"AD";"SYLBOR";"Long";0;0;0;0,2;0,277142857142857;"Atlantique"
2004;"AD";"SYLBOR";"Long";0;0;0;0,125;0,2375;"Atlantique"
2005;"AD";"SYLBOR";"Long";0;0;0;0,0833333333333333;0,308333333333333;"Atlantique"
2006;"AD";"SYLBOR";"Long";0,00312499999999999;0,03125;0,0625;0,09375;0,121875;"Atlantique"
2007;"AD";"SYLBOR";"Long";0,0783333333333333;0,091025641025641;0,105128205128205;0,119230769230769;0,131923076923077;"Atlantique"
2008;"AD";"SYLBOR";"Long";0;0;0;0;0;"Atlantique"
2009;"AD";"SYLBOR";"Long";0,125;0,125;0,125;0,125;0,125;"Atlantique"
2010;"AD";"SYLBOR";"Long";0,00249999999999999;0,025;0,05;0,075;0,0975;"Atlantique"
2011;"AD";"SYLBOR";"Long";0,25;0,25;0,25;0,25;0,25;"Atlantique"
2012;"AD";"SYLBOR";"Long";0,142857142857143;0,142857142857143;0,142857142857143;0,142857142857143;0,142857142857143;"Atlantique"
2013;"AD";"SYLBOR";"Long";0,0833333333333333;0,0833333333333333;0,0833333333333333;0,0833333333333333;0,0833333333333333;"Atlantique"
2014;"AD";"SYLBOR";"Long";0,00624999999999998;0,0625;0,125;0,1875;0,24375;"Atlantique"
2015;"AD";"SYLBOR";"Long";0;0;0;0,108695652173913;0,206521739130435;"Atlantique"
2016;"AD";"SYLBOR";"Long";0;0;0;0;0;"Atlantique"
2017;"AD";"SYLBOR";"Long";0;0;0,0666666666666667;0,141666666666667;0,164166666666667;"Atlantique"
2018;"AD";"SYLBOR";"Long";0,0931818181818182;0,113636363636364;0,136363636363636;0,159090909090909;0,179545454545455;"Atlantique"
2019;"AD";"SYLBOR";"Long";0;0;0,136363636363636;0,315656565656566;0,431565656565656;"Atlantique"
2020;"AD";"SYLBOR";"Long";0,00681818181818181;0,0681818181818182;0,128787878787879;0,1875;0,24375;"Atlantique"
2021;"AD";"SYLBOR";"Long";0;0;0;0,111111111111111;0,211111111111111;"Atlantique"
1990;"JUV";"SYLBOR";"Long";0;0;0;0;0;"Atlantique"
1991;"JUV";"SYLBOR";"Long";0;0;0;0;0;"Atlantique"
1992;"JUV";"SYLBOR";"Long";0,00416666666666665;0,0416666666666667;0,0833333333333333;0,125;0,1625;"Atlantique"
1993;"JUV";"SYLBOR";"Long";0;0;0;0;0;"Atlantique"
1999;"JUV";"SYLBOR";"Long";0;0;0;0;0;"Atlantique"
2000;"JUV";"SYLBOR";"Long";0;0;0;0;0;"Atlantique"
2001;"JUV";"SYLBOR";"Long";0;0;0;0;0;"Atlantique"
2002;"JUV";"SYLBOR";"Long";0;0;0;0;0;"Atlantique"
2003;"JUV";"SYLBOR";"Long";0;0;0;0;0;"Atlantique"
2004;"JUV";"SYLBOR";"Long";0;0;0;0;0;"Atlantique"
2005;"JUV";"SYLBOR";"Long";0;0;0;0;0;"Atlantique"
2006;"JUV";"SYLBOR";"Long";0;0;0;0;0;"Atlantique"
2007;"JUV";"SYLBOR";"Long";0;0;0;0;0;"Atlantique"
2009;"JUV";"SYLBOR";"Long";0;0;0;0;0;"Atlantique"
2010;"JUV";"SYLBOR";"Long";0;0;0;0;0;"Atlantique"
2011;"JUV";"SYLBOR";"Long";0;0;0;0;0;"Atlantique"
2012;"JUV";"SYLBOR";"Long";0;0;0;0;0;"Atlantique"
2013;"JUV";"SYLBOR";"Long";0;0;0;0;0;"Atlantique"
2014;"JUV";"SYLBOR";"Long";0;0;0;0;0;"Atlantique"
2015;"JUV";"SYLBOR";"Long";0;0;0;0;0;"Atlantique"
2016;"JUV";"SYLBOR";"Long";0;0;0;0;0;"Atlantique"
2017;"JUV";"SYLBOR";"Long";0;0;0;0,0625;0,11875;"Atlantique"
2018;"JUV";"SYLBOR";"Long";0;0;0;0;0;"Atlantique"
2019;"JUV";"SYLBOR";"Long";0;0;0;0;0;"Atlantique"
2020;"JUV";"SYLBOR";"Long";0;0;0;0;0;"Atlantique"
2021;"JUV";"SYLBOR";"Long";0,0083333333333333;0,0833333333333333;0,166666666666667;0,25;0,325;"Atlantique"
1990;"AD";"SYLCOM";"Long";0;0;0;0;0;"Atlantique"
1991;"AD";"SYLCOM";"Long";0,00399999999999999;0,04;0,08;0,12;0,156;"Atlantique"
1992;"AD";"SYLCOM";"Long";0,00416666666666665;0,0416666666666667;0,0833333333333333;0,125;0,1625;"Atlantique"
1993;"AD";"SYLCOM";"Long";0,333333333333333;0,333333333333333;0,333333333333333;0,333333333333333;0,333333333333333;"Atlantique"
1994;"AD";"SYLCOM";"Long";0,25;0,25;0,25;0,25;0,25;"Atlantique"
1995;"AD";"SYLCOM";"Long";0;0;0;0;0;"Atlantique"
1997;"AD";"SYLCOM";"Long";0,166666666666667;0,166666666666667;0,166666666666667;0,166666666666667;0,166666666666667;"Atlantique"
1998;"AD";"SYLCOM";"Long";0,192307692307692;0,192307692307692;0,192307692307692;0,192307692307692;0,192307692307692;"Atlantique"
1999;"AD";"SYLCOM";"Long";0,225806451612903;0,225806451612903;0,225806451612903;0,225806451612903;0,225806451612903;"Atlantique"
2000;"AD";"SYLCOM";"Long";0,00540540540540539;0,0540540540540541;0,108108108108108;0,162162162162162;0,210810810810811;"Atlantique"
2001;"AD";"SYLCOM";"Long";0,0781135531135531;0,138278388278388;0,205128205128205;0,232998885172798;0,258082497212932;"Atlantique"
2002;"AD";"SYLCOM";"Long";0,0114285714285714;0,114285714285714;0,153846153846154;0,217391304347826;0,221739130434783;"Atlantique"
2003;"AD";"SYLCOM";"Long";0,00714285714285714;0,0714285714285714;0,130952380952381;0,1875;0,24375;"Atlantique"
2004;"AD";"SYLCOM";"Long";0;0;0,0833333333333333;0,176470588235294;0,317647058823529;"Atlantique"
2005;"AD";"SYLCOM";"Long";0,120855614973262;0,149732620320856;0,181818181818182;0,204545454545455;0,225;"Atlantique"
2006;"AD";"SYLCOM";"Long";0,00434782608695653;0,0434782608695652;0,0454545454545455;0,0588235294117647;0,16951871657754;"Atlantique"
2007;"AD";"SYLCOM";"Long";0;0;0,0357142857142857;0,170940170940171;0,342836257309942;"Atlantique"
2008;"AD";"SYLCOM";"Long";0;0;0;0,0883116883116883;0,321428571428571;"Atlantique"
2009;"AD";"SYLCOM";"Long";0;0;0,0588235294117647;0,163461538461538;0,240301724137931;"Atlantique"
2010;"AD";"SYLCOM";"Long";0;0;0,105263157894737;0,166666666666667;0,37304347826087;"Atlantique"
2011;"AD";"SYLCOM";"Long";0,0102941176470588;0,0772058823529412;0,110323886639676;0,132211538461538;0,191923076923077;"Atlantique"
2012;"AD";"SYLCOM";"Long";0;0;0,0833333333333333;0,227272727272727;0,333333333333333;"Atlantique"
2013;"AD";"SYLCOM";"Long";0;0,00925925925925926;0,0976190476190476;0,134920634920635;0,483928571428571;"Atlantique"
2014;"AD";"SYLCOM";"Long";0;0,117647058823529;0,142857142857143;0,230769230769231;0,396078431372549;"Atlantique"
2015;"AD";"SYLCOM";"Long";0;0;0,16;0,25;0,260526315789474;"Atlantique"
2016;"AD";"SYLCOM";"Long";0;0;0,0625;0,133333333333333;0,297435897435898;"Atlantique"
2017;"AD";"SYLCOM";"Long";0;0;0;0,0588235294117647;0,129100529100529;"Atlantique"
2018;"AD";"SYLCOM";"Long";0;0;0,0555555555555556;0,143939393939394;0,382738095238095;"Atlantique"
2019;"AD";"SYLCOM";"Long";0;0;0,0625;0,107142857142857;0,135714285714286;"Atlantique"
2020;"AD";"SYLCOM";"Long";0;0;0,0625;0,231428571428571;0,458333333333333;"Atlantique"
2021;"AD";"SYLCOM";"Long";0;0;0,0294117647058824;0,075;0,237698412698413;"Atlantique"
1990;"JUV";"SYLCOM";"Long";0;0;0;0;0;"Atlantique"
1991;"JUV";"SYLCOM";"Long";0,00277777777777777;0,0277777777777778;0,0555555555555556;0,0833333333333333;0,108333333333333;"Atlantique"
1992;"JUV";"SYLCOM";"Long";0,00312499999999999;0,03125;0,0625;0,09375;0,121875;"Atlantique"
1993;"JUV";"SYLCOM";"Long";0;0;0;0;0;"Atlantique"
1994;"JUV";"SYLCOM";"Long";0,05;0,05;0,05;0,05;0,05;"Atlantique"
1995;"JUV";"SYLCOM";"Long";0;0;0;0;0;"Atlantique"
1997;"JUV";"SYLCOM";"Long";0,1;0,1;0,1;0,1;0,1;"Atlantique"
1998;"JUV";"SYLCOM";"Long";0,333333333333333;0,333333333333333;0,333333333333333;0,333333333333333;0,333333333333333;"Atlantique"
1999;"JUV";"SYLCOM";"Long";0,0909090909090909;0,0909090909090909;0,0909090909090909;0,0909090909090909;0,0909090909090909;"Atlantique"
2000;"JUV";"SYLCOM";"Long";0,00249999999999999;0,025;0,05;0,075;0,0975;"Atlantique"
2001;"JUV";"SYLCOM";"Long";0;0;0,0238095238095238;0,0669642857142857;0,119196428571429;"Atlantique"
2002;"JUV";"SYLCOM";"Long";0;0;0;0;0,0321428571428572;"Atlantique"
2003;"JUV";"SYLCOM";"Long";0;0;0,0333333333333333;0,0875;0,14375;"Atlantique"
2004;"JUV";"SYLCOM";"Long";0;0;0;0;0,0152542372881356;"Atlantique"
2005;"JUV";"SYLCOM";"Long";0;0;0;0,0238095238095238;0,0452380952380952;"Atlantique"
2006;"JUV";"SYLCOM";"Long";0;0;0;0;0,05;"Atlantique"
2007;"JUV";"SYLCOM";"Long";0;0;0;0;0,0951923076923077;"Atlantique"
2008;"JUV";"SYLCOM";"Long";0;0;0;0,0535714285714286;0,111;"Atlantique"
2009;"JUV";"SYLCOM";"Long";0;0;0;0,0435267857142857;0,0881644518272425;"Atlantique"
2010;"JUV";"SYLCOM";"Long";0;0;0;0,0303030303030303;0,0953846153846154;"Atlantique"
2011;"JUV";"SYLCOM";"Long";0;0;0,0580601092896175;0,102777777777778;0,122569444444444;"Atlantique"
2012;"JUV";"SYLCOM";"Long";0;0;0;0;0,0444444444444445;"Atlantique"
2013;"JUV";"SYLCOM";"Long";0;0;0;0;0,12358803986711;"Atlantique"
2014;"JUV";"SYLCOM";"Long";0;0;0;0;0,0838383838383839;"Atlantique"
2015;"JUV";"SYLCOM";"Long";0;0;0;0;0,0337400530503979;"Atlantique"
2016;"JUV";"SYLCOM";"Long";0;0;0;0,0078125;0,07421875;"Atlantique"
2017;"JUV";"SYLCOM";"Long";0;0;0;0;0,0386363636363636;"Atlantique"
2018;"JUV";"SYLCOM";"Long";0;0;0;0;0,043421052631579;"Atlantique"
2019;"JUV";"SYLCOM";"Long";0;0;0;0;0,0441964285714286;"Atlantique"
2020;"JUV";"SYLCOM";"Long";0;0;0;0;0,19375;"Atlantique"
2021;"JUV";"SYLCOM";"Long";0;0;0;0;0;"Atlantique"
