"YEAR";"AGE_first";"SP";"MIGRATION";"CIinf";"CIquart_inf";"med";"CIquart_sup";"CIsup";"HABITAT"
1989;"AD";"AEGCAU";"Court";0,222222222222222;0,222222222222222;0,222222222222222;0,222222222222222;0,222222222222222;"Terrestre"
1990;"AD";"AEGCAU";"Court";0,0083333333333333;0,0833333333333333;0,166666666666667;0,25;0,325;"Terrestre"
1991;"AD";"AEGCAU";"Court";0,00624999999999998;0,0625;0,125;0,1875;0,24375;"Terrestre"
1992;"AD";"AEGCAU";"Court";0,0125;0,125;0,25;0,375;0,4875;"Terrestre"
1993;"AD";"AEGCAU";"Court";0,00735294117647056;0,0735294117647059;0,147058823529412;0,220588235294118;0,286764705882353;"Terrestre"
1994;"AD";"AEGCAU";"Court";0;0;0;0;0;"Terrestre"
1995;"AD";"AEGCAU";"Court";0;0;0;0;0;"Terrestre"
1997;"AD";"AEGCAU";"Court";0;0;0;0;0;"Terrestre"
1998;"AD";"AEGCAU";"Court";0;0;0;0;0;"Terrestre"
2000;"AD";"AEGCAU";"Court";0;0;0;0;0;"Terrestre"
2002;"AD";"AEGCAU";"Court";0,285714285714286;0,285714285714286;0,285714285714286;0,285714285714286;0,285714285714286;"Terrestre"
2003;"AD";"AEGCAU";"Court";0;0;0;0;0;"Terrestre"
2004;"AD";"AEGCAU";"Court";0;0;0;0;0;"Terrestre"
2005;"AD";"AEGCAU";"Court";0;0;0;0;0;"Terrestre"
2006;"AD";"AEGCAU";"Court";0;0;0;0;0,1125;"Terrestre"
2007;"AD";"AEGCAU";"Court";0;0;0;0;0,2625;"Terrestre"
2008;"AD";"AEGCAU";"Court";0;0;0;0;0;"Terrestre"
2009;"AD";"AEGCAU";"Court";0;0;0,125;0,3125;0,48125;"Terrestre"
2010;"AD";"AEGCAU";"Court";0;0;0,0833333333333333;0,175;0,1975;"Terrestre"
2011;"AD";"AEGCAU";"Court";0;0;0,125;0,270833333333333;0,327083333333333;"Terrestre"
2012;"AD";"AEGCAU";"Court";0;0;0,111111111111111;0,142857142857143;0,152747252747253;"Terrestre"
2013;"AD";"AEGCAU";"Court";0;0;0,0769230769230769;0,208333333333333;0,320833333333333;"Terrestre"
2014;"AD";"AEGCAU";"Court";0;0;0;0;0,0800000000000001;"Terrestre"
2015;"AD";"AEGCAU";"Court";0;0;0;0;0;"Terrestre"
2016;"AD";"AEGCAU";"Court";0;0;0;0,3;0,4875;"Terrestre"
2017;"AD";"AEGCAU";"Court";0;0;0;0;0;"Terrestre"
2018;"AD";"AEGCAU";"Court";0;0;0;0;0;"Terrestre"
2019;"AD";"AEGCAU";"Court";0;0;0;0,0833333333333333;0,158333333333333;"Terrestre"
2020;"AD";"AEGCAU";"Court";0;0;0;0,166666666666667;0,316666666666667;"Terrestre"
2021;"AD";"AEGCAU";"Court";0,00624999999999998;0,0625;0,125;0,1875;0,24375;"Terrestre"
1989;"JUV";"AEGCAU";"Court";0;0;0;0;0;"Terrestre"
1990;"JUV";"AEGCAU";"Court";0;0;0;0;0;"Terrestre"
1991;"JUV";"AEGCAU";"Court";0;0;0;0;0;"Terrestre"
1992;"JUV";"AEGCAU";"Court";0;0;0;0;0;"Terrestre"
1993;"JUV";"AEGCAU";"Court";0,0083333333333333;0,0833333333333333;0,166666666666667;0,25;0,325;"Terrestre"
1994;"JUV";"AEGCAU";"Court";0;0;0;0;0;"Terrestre"
1995;"JUV";"AEGCAU";"Court";0;0;0;0;0;"Terrestre"
1997;"JUV";"AEGCAU";"Court";0;0;0;0;0;"Terrestre"
1998;"JUV";"AEGCAU";"Court";0;0;0;0;0;"Terrestre"
2000;"JUV";"AEGCAU";"Court";0;0;0;0;0;"Terrestre"
2002;"JUV";"AEGCAU";"Court";0,00416666666666665;0,0416666666666667;0,0833333333333333;0,125;0,1625;"Terrestre"
2003;"JUV";"AEGCAU";"Court";0;0;0;0;0;"Terrestre"
2004;"JUV";"AEGCAU";"Court";0,125;0,125;0,125;0,125;0,125;"Terrestre"
2005;"JUV";"AEGCAU";"Court";0;0;0;0;0;"Terrestre"
2006;"JUV";"AEGCAU";"Court";0;0;0;0;0;"Terrestre"
2007;"JUV";"AEGCAU";"Court";0;0,0147058823529412;0,0781922525107604;0,160753880266075;0,241477272727273;"Terrestre"
2008;"JUV";"AEGCAU";"Court";0;0;0;0;0;"Terrestre"
2009;"JUV";"AEGCAU";"Court";0;0;0;0,0833333333333333;0,308333333333333;"Terrestre"
2010;"JUV";"AEGCAU";"Court";0;0;0;0,05;0,185;"Terrestre"
2011;"JUV";"AEGCAU";"Court";0;0;0,0434782608695652;0,115217391304348;0,191521739130435;"Terrestre"
2012;"JUV";"AEGCAU";"Court";0;0;0;0;0;"Terrestre"
2013;"JUV";"AEGCAU";"Court";0;0;0;0;0,075;"Terrestre"
2014;"JUV";"AEGCAU";"Court";0;0;0;0;0,080952380952381;"Terrestre"
2015;"JUV";"AEGCAU";"Court";0;0;0,05;0,0912698412698413;0,111111111111111;"Terrestre"
2016;"JUV";"AEGCAU";"Court";0;0;0;0,125;0,370833333333333;"Terrestre"
2017;"JUV";"AEGCAU";"Court";0;0;0;0;0,0546875;"Terrestre"
2018;"JUV";"AEGCAU";"Court";0;0;0;0;0;"Terrestre"
2019;"JUV";"AEGCAU";"Court";0;0;0;0;0;"Terrestre"
2020;"JUV";"AEGCAU";"Court";0;0;0;0,0416666666666667;0,154166666666667;"Terrestre"
2021;"JUV";"AEGCAU";"Court";0;0;0;0;0;"Terrestre"
1989;"AD";"ERIRUB";"Court";0,00294117647058822;0,0294117647058824;0,0588235294117647;0,0882352941176471;0,114705882352941;"Terrestre"
1990;"AD";"ERIRUB";"Court";0;0;0;0,0909090909090909;0,837500000000001;"Terrestre"
1991;"AD";"ERIRUB";"Court";0;0,075;0,126984126984127;0,330769230769231;0,4825;"Terrestre"
1992;"AD";"ERIRUB";"Court";0;0;0,0416666666666667;0,175;0,24125;"Terrestre"
1993;"AD";"ERIRUB";"Court";0;0;0,133928571428571;0,175;0,344375;"Terrestre"
1994;"AD";"ERIRUB";"Court";0,0104166666666667;0,107954545454545;0,203812316715543;0,253820033955857;0,324561403508772;"Terrestre"
1995;"AD";"ERIRUB";"Court";0;0;0,0833333333333333;0,191919191919192;0,229273504273504;"Terrestre"
1996;"AD";"ERIRUB";"Court";0;0;0,0555555555555556;0,152777777777778;0,283333333333333;"Terrestre"
1997;"AD";"ERIRUB";"Court";0;0;0;0,0714285714285714;0,307142857142857;"Terrestre"
1998;"AD";"ERIRUB";"Court";0;0;0;0;0,145833333333333;"Terrestre"
1999;"AD";"ERIRUB";"Court";0,00441176470588235;0,0441176470588235;0,129411764705882;0,233333333333333;0,323333333333333;"Terrestre"
2000;"AD";"ERIRUB";"Court";0;0;0;0,0871212121212121;0,168181818181818;"Terrestre"
2001;"AD";"ERIRUB";"Court";0;0;0,0666666666666667;0,260504201680672;0,383333333333333;"Terrestre"
2002;"AD";"ERIRUB";"Court";0;0;0,166666666666667;0,248717948717949;0,395238095238095;"Terrestre"
2003;"AD";"ERIRUB";"Court";0;0;0,118055555555556;0,195454545454545;0,249090909090909;"Terrestre"
2004;"AD";"ERIRUB";"Court";0;0;0;0,046875;0,22875;"Terrestre"
2005;"AD";"ERIRUB";"Court";0;0;0;0;0,210795454545455;"Terrestre"
2006;"AD";"ERIRUB";"Court";0;0;0;0,0714285714285714;0,4;"Terrestre"
2007;"AD";"ERIRUB";"Court";0;0;0;0,215384615384615;0,463888888888889;"Terrestre"
2008;"AD";"ERIRUB";"Court";0;0;0;0,138392857142857;0,26375;"Terrestre"
2009;"AD";"ERIRUB";"Court";0;0;0;0;0,311038961038961;"Terrestre"
2010;"AD";"ERIRUB";"Court";0;0;0;0,145604395604396;0,370192307692308;"Terrestre"
2011;"AD";"ERIRUB";"Court";0;0;0;0,0192307692307692;0,277083333333333;"Terrestre"
2012;"AD";"ERIRUB";"Court";0;0;0;0,154761904761905;0,385714285714285;"Terrestre"
2013;"AD";"ERIRUB";"Court";0;0;0;0,181818181818182;0,525;"Terrestre"
2014;"AD";"ERIRUB";"Court";0;0;0;0,2;0,406666666666666;"Terrestre"
2015;"AD";"ERIRUB";"Court";0;0;0;0,211111111111111;0,497727272727273;"Terrestre"
2016;"AD";"ERIRUB";"Court";0;0;0;0,142857142857143;0,332142857142857;"Terrestre"
2017;"AD";"ERIRUB";"Court";0;0;0;0,142857142857143;0,4875;"Terrestre"
2018;"AD";"ERIRUB";"Court";0;0;0;0,208333333333333;0,5;"Terrestre"
2019;"AD";"ERIRUB";"Court";0;0;0;0,166666666666667;0,296428571428571;"Terrestre"
2020;"AD";"ERIRUB";"Court";0;0;0;0,0931818181818182;0,310714285714286;"Terrestre"
2021;"AD";"ERIRUB";"Court";0;0;0;0,154166666666667;0,392857142857143;"Terrestre"
1989;"JUV";"ERIRUB";"Court";0;0;0;0;0;"Terrestre"
1990;"JUV";"ERIRUB";"Court";0;0,0182926829268293;0,0449685534591195;0,0635416666666667;0,424166666666667;"Terrestre"
1991;"JUV";"ERIRUB";"Court";0;0;0;0;0,0757575757575758;"Terrestre"
1992;"JUV";"ERIRUB";"Court";0;0;0,0161290322580645;0,0635416666666667;0,117435897435897;"Terrestre"
1993;"JUV";"ERIRUB";"Court";0;0;0;0,0147058823529412;0,104579831932773;"Terrestre"
1994;"JUV";"ERIRUB";"Court";0;0;0,0277777777777778;0,0638888888888889;0,0903645833333333;"Terrestre"
1995;"JUV";"ERIRUB";"Court";0;0;0;0,0555555555555556;0,11474358974359;"Terrestre"
1996;"JUV";"ERIRUB";"Court";0;0;0;0,0625;0,302083333333333;"Terrestre"
1997;"JUV";"ERIRUB";"Court";0;0;0;0;0,0473684210526316;"Terrestre"
1998;"JUV";"ERIRUB";"Court";0;0;0;0,0882352941176471;0,139705882352941;"Terrestre"
1999;"JUV";"ERIRUB";"Court";0;0;0,0106382978723404;0,0576241134751773;0,155762411347518;"Terrestre"
2000;"JUV";"ERIRUB";"Court";0;0;0;0,0666666666666667;0,0709523809523809;"Terrestre"
2001;"JUV";"ERIRUB";"Court";0;0;0;0;0,0610416666666667;"Terrestre"
2002;"JUV";"ERIRUB";"Court";0;0;0;0;0,117647058823529;"Terrestre"
2003;"JUV";"ERIRUB";"Court";0;0;0;0;0,162673611111111;"Terrestre"
2004;"JUV";"ERIRUB";"Court";0;0;0;0;0,122222222222222;"Terrestre"
2005;"JUV";"ERIRUB";"Court";0;0;0;0;0,125;"Terrestre"
2006;"JUV";"ERIRUB";"Court";0;0;0;0,0453296703296703;0,174107142857143;"Terrestre"
2007;"JUV";"ERIRUB";"Court";0;0;0;0;0,15125;"Terrestre"
2008;"JUV";"ERIRUB";"Court";0;0;0;0;0,180555555555556;"Terrestre"
2009;"JUV";"ERIRUB";"Court";0;0;0;0;0,17590909090909;"Terrestre"
2010;"JUV";"ERIRUB";"Court";0;0;0;0,00892857142857143;0,1775;"Terrestre"
2011;"JUV";"ERIRUB";"Court";0;0;0;0;0,0677777777777777;"Terrestre"
2012;"JUV";"ERIRUB";"Court";0;0;0;0;0,33125;"Terrestre"
2013;"JUV";"ERIRUB";"Court";0;0;0;0;0,171875;"Terrestre"
2014;"JUV";"ERIRUB";"Court";0;0;0;0;0,111904761904762;"Terrestre"
2015;"JUV";"ERIRUB";"Court";0;0;0;0;0,221111111111111;"Terrestre"
2016;"JUV";"ERIRUB";"Court";0;0;0;0;0,099423076923077;"Terrestre"
2017;"JUV";"ERIRUB";"Court";0;0;0;0;0,166666666666667;"Terrestre"
2018;"JUV";"ERIRUB";"Court";0;0;0;0;0,16491935483871;"Terrestre"
2019;"JUV";"ERIRUB";"Court";0;0;0;0,0522058823529412;0,148848684210526;"Terrestre"
2020;"JUV";"ERIRUB";"Court";0;0;0;0;0,144871794871795;"Terrestre"
2021;"JUV";"ERIRUB";"Court";0;0;0;0;0,125714285714286;"Terrestre"
1989;"AD";"PARCAE";"Court";0,5;0,5;0,5;0,5;0,5;"Terrestre"
1990;"AD";"PARCAE";"Court";0;0;0;0,333333333333333;0,633333333333333;"Terrestre"
1991;"AD";"PARCAE";"Court";0;0;0,1;0,2125;0,24625;"Terrestre"
1992;"AD";"PARCAE";"Court";0;0;0;0;0,3;"Terrestre"
1993;"AD";"PARCAE";"Court";0;0;0;0,125;0,2375;"Terrestre"
1994;"AD";"PARCAE";"Court";0,0083333333333333;0,0833333333333333;0,166666666666667;0,25;0,325;"Terrestre"
1995;"AD";"PARCAE";"Court";0;0;0;0;0;"Terrestre"
1996;"AD";"PARCAE";"Court";0;0;0;0;0;"Terrestre"
1997;"AD";"PARCAE";"Court";0;0;0;0;0;"Terrestre"
1998;"AD";"PARCAE";"Court";0;0;0;0;0;"Terrestre"
1999;"AD";"PARCAE";"Court";0;0;0;0;0;"Terrestre"
2000;"AD";"PARCAE";"Court";0;0;0;0;0;"Terrestre"
2001;"AD";"PARCAE";"Court";0;0;0;0,166666666666667;0,316666666666667;"Terrestre"
2002;"AD";"PARCAE";"Court";0;0;0;0;0;"Terrestre"
2003;"AD";"PARCAE";"Court";0;0;0,0714285714285714;0,207142857142857;0,380714285714286;"Terrestre"
2004;"AD";"PARCAE";"Court";0;0;0;0,182539682539683;0,245833333333333;"Terrestre"
2005;"AD";"PARCAE";"Court";0;0;0;0;0,165;"Terrestre"
2006;"AD";"PARCAE";"Court";0;0;0;0;0,21875;"Terrestre"
2007;"AD";"PARCAE";"Court";0;0;0;0;0,155;"Terrestre"
2008;"AD";"PARCAE";"Court";0;0;0;0;0,433333333333334;"Terrestre"
2009;"AD";"PARCAE";"Court";0;0;0;0;0,266666666666667;"Terrestre"
2010;"AD";"PARCAE";"Court";0;0;0;0,075;0,4325;"Terrestre"
2011;"AD";"PARCAE";"Court";0;0;0;0;0,125;"Terrestre"
2012;"AD";"PARCAE";"Court";0;0;0;0;0,0666666666666667;"Terrestre"
2013;"AD";"PARCAE";"Court";0;0;0;0;0;"Terrestre"
2014;"AD";"PARCAE";"Court";0;0;0;0;0,253571428571429;"Terrestre"
2015;"AD";"PARCAE";"Court";0;0;0;0,1875;0,385;"Terrestre"
2016;"AD";"PARCAE";"Court";0;0;0;0;0,103125;"Terrestre"
2017;"AD";"PARCAE";"Court";0;0;0;0;0,188571428571429;"Terrestre"
2018;"AD";"PARCAE";"Court";0;0;0;0;0,4;"Terrestre"
2019;"AD";"PARCAE";"Court";0;0;0;0;0;"Terrestre"
2020;"AD";"PARCAE";"Court";0;0;0;0,107142857142857;0,236607142857143;"Terrestre"
2021;"AD";"PARCAE";"Court";0;0;0;0;0,114285714285714;"Terrestre"
1989;"JUV";"PARCAE";"Court";0;0;0;0;0;"Terrestre"
1990;"JUV";"PARCAE";"Court";0;0;0;0,111111111111111;0,211111111111111;"Terrestre"
1991;"JUV";"PARCAE";"Court";0;0;0;0,00892857142857143;0,0330357142857143;"Terrestre"
1992;"JUV";"PARCAE";"Court";0;0;0,0185185185185185;0,0833333333333333;0,208333333333333;"Terrestre"
1993;"JUV";"PARCAE";"Court";0;0;0;0,0104166666666667;0,0385416666666667;"Terrestre"
1994;"JUV";"PARCAE";"Court";0;0;0;0;0;"Terrestre"
1995;"JUV";"PARCAE";"Court";0;0;0;0;0;"Terrestre"
1996;"JUV";"PARCAE";"Court";0;0;0;0;0;"Terrestre"
1997;"JUV";"PARCAE";"Court";0;0;0;0;0;"Terrestre"
1998;"JUV";"PARCAE";"Court";0;0;0;0;0;"Terrestre"
1999;"JUV";"PARCAE";"Court";0;0;0;0;0;"Terrestre"
2000;"JUV";"PARCAE";"Court";0;0;0;0;0;"Terrestre"
2001;"JUV";"PARCAE";"Court";0;0;0;0,166666666666667;0,316666666666667;"Terrestre"
2002;"JUV";"PARCAE";"Court";0;0;0;0;0,0972222222222222;"Terrestre"
2003;"JUV";"PARCAE";"Court";0;0;0,0769230769230769;0,0810810810810811;0,166931637519873;"Terrestre"
2004;"JUV";"PARCAE";"Court";0;0;0;0;0,261538461538461;"Terrestre"
2005;"JUV";"PARCAE";"Court";0;0;0;0;0,0471428571428572;"Terrestre"
2006;"JUV";"PARCAE";"Court";0;0;0;0;0,0425;"Terrestre"
2007;"JUV";"PARCAE";"Court";0;0;0;0,05;0,125396825396825;"Terrestre"
2008;"JUV";"PARCAE";"Court";0;0;0;0;0;"Terrestre"
2009;"JUV";"PARCAE";"Court";0;0;0;0,025;0,28125;"Terrestre"
2010;"JUV";"PARCAE";"Court";0;0;0;0;0,0704545454545455;"Terrestre"
2011;"JUV";"PARCAE";"Court";0;0;0;0;0,0576923076923077;"Terrestre"
2012;"JUV";"PARCAE";"Court";0;0;0;0;0;"Terrestre"
2013;"JUV";"PARCAE";"Court";0;0;0;0;0;"Terrestre"
2014;"JUV";"PARCAE";"Court";0;0;0;0,0113636363636364;0,0988888888888889;"Terrestre"
2015;"JUV";"PARCAE";"Court";0;0;0;0,0576923076923077;0,129464285714286;"Terrestre"
2016;"JUV";"PARCAE";"Court";0;0;0;0,126358695652174;0,187826086956522;"Terrestre"
2017;"JUV";"PARCAE";"Court";0;0;0;0;0,0660439560439561;"Terrestre"
2018;"JUV";"PARCAE";"Court";0;0;0;0;0,0727272727272728;"Terrestre"
2019;"JUV";"PARCAE";"Court";0;0;0;0;0,126315789473684;"Terrestre"
2020;"JUV";"PARCAE";"Court";0;0;0;0;0,0894736842105263;"Terrestre"
2021;"JUV";"PARCAE";"Court";0;0;0;0;0,0916666666666667;"Terrestre"
1989;"AD";"PARMAJ";"Court";0,00555555555555554;0,0555555555555556;0,111111111111111;0,166666666666667;0,216666666666667;"Terrestre"
1990;"AD";"PARMAJ";"Court";0;0;0;0,1;0,316666666666667;"Terrestre"
1991;"AD";"PARMAJ";"Court";0;0;0;0;0,3875;"Terrestre"
1992;"AD";"PARMAJ";"Court";0;0;0;0;0,629166666666667;"Terrestre"
1993;"AD";"PARMAJ";"Court";0;0;0;0,0769230769230769;0,158333333333333;"Terrestre"
1994;"AD";"PARMAJ";"Court";0;0;0;0,233333333333333;0,333333333333333;"Terrestre"
1995;"AD";"PARMAJ";"Court";0;0;0;0;0,333333333333333;"Terrestre"
1996;"AD";"PARMAJ";"Court";0;0;0;0;0,1375;"Terrestre"
1997;"AD";"PARMAJ";"Court";0;0;0;0;0;"Terrestre"
1998;"AD";"PARMAJ";"Court";0;0;0;0,03125;0,296875;"Terrestre"
1999;"AD";"PARMAJ";"Court";0;0;0;0;0,242857142857143;"Terrestre"
2000;"AD";"PARMAJ";"Court";0;0;0;0;0,766666666666667;"Terrestre"
2001;"AD";"PARMAJ";"Court";0;0;0;0;0,408333333333333;"Terrestre"
2002;"AD";"PARMAJ";"Court";0;0;0;0,236111111111111;0,825;"Terrestre"
2003;"AD";"PARMAJ";"Court";0;0;0;0,142857142857143;0,45;"Terrestre"
2004;"AD";"PARMAJ";"Court";0;0;0;0,142857142857143;0,420833333333333;"Terrestre"
2005;"AD";"PARMAJ";"Court";0;0;0;0,1;0,57142857142857;"Terrestre"
2006;"AD";"PARMAJ";"Court";0;0;0;0;0,264999999999999;"Terrestre"
2007;"AD";"PARMAJ";"Court";0;0;0;0,1125;0,375;"Terrestre"
2008;"AD";"PARMAJ";"Court";0;0;0;0,108333333333333;0,340714285714285;"Terrestre"
2009;"AD";"PARMAJ";"Court";0;0;0;0,142857142857143;0,516666666666667;"Terrestre"
2010;"AD";"PARMAJ";"Court";0;0;0;0,0666666666666667;0,466666666666669;"Terrestre"
2011;"AD";"PARMAJ";"Court";0;0;0;0,1;0,333333333333333;"Terrestre"
2012;"AD";"PARMAJ";"Court";0;0;0;0;0,304166666666666;"Terrestre"
2013;"AD";"PARMAJ";"Court";0;0;0;0,0714285714285714;0,3625;"Terrestre"
2014;"AD";"PARMAJ";"Court";0;0;0;0;0,161428571428571;"Terrestre"
2015;"AD";"PARMAJ";"Court";0;0;0;0;0,5;"Terrestre"
2016;"AD";"PARMAJ";"Court";0;0;0;0;0,4275;"Terrestre"
2017;"AD";"PARMAJ";"Court";0;0;0;0,166666666666667;0,4375;"Terrestre"
2018;"AD";"PARMAJ";"Court";0;0;0;0,142857142857143;0,273333333333333;"Terrestre"
2019;"AD";"PARMAJ";"Court";0;0;0;0;0,341666666666666;"Terrestre"
2020;"AD";"PARMAJ";"Court";0;0;0;0,0714285714285714;0,349999999999999;"Terrestre"
2021;"AD";"PARMAJ";"Court";0;0;0;0;0,253571428571428;"Terrestre"
1989;"JUV";"PARMAJ";"Court";0;0;0;0;0;"Terrestre"
1990;"JUV";"PARMAJ";"Court";0;0;0;0,0222222222222222;0,0914542728635682;"Terrestre"
1991;"JUV";"PARMAJ";"Court";0;0;0;0;0,0775;"Terrestre"
1992;"JUV";"PARMAJ";"Court";0;0;0;0,03125;0,0685924369747899;"Terrestre"
1993;"JUV";"PARMAJ";"Court";0;0;0;0;0,0681216931216931;"Terrestre"
1994;"JUV";"PARMAJ";"Court";0;0;0;0,027027027027027;0,433108108108108;"Terrestre"
1995;"JUV";"PARMAJ";"Court";0;0;0;0;0,103125;"Terrestre"
1996;"JUV";"PARMAJ";"Court";0;0;0;0;0,0485294117647059;"Terrestre"
1997;"JUV";"PARMAJ";"Court";0;0;0;0,0576923076923077;0,0888111888111888;"Terrestre"
1998;"JUV";"PARMAJ";"Court";0;0;0;0;0,0614906832298137;"Terrestre"
1999;"JUV";"PARMAJ";"Court";0;0;0,0454545454545455;0,0643939393939394;0,101973684210526;"Terrestre"
2000;"JUV";"PARMAJ";"Court";0;0;0;0;0,0696428571428571;"Terrestre"
2001;"JUV";"PARMAJ";"Court";0;0;0;0,063894523326572;0,255952380952381;"Terrestre"
2002;"JUV";"PARMAJ";"Court";0;0;0;0,0227272727272727;0,71875;"Terrestre"
2003;"JUV";"PARMAJ";"Court";0;0;0;0,01;0,100694444444444;"Terrestre"
2004;"JUV";"PARMAJ";"Court";0;0;0;0;0,105555555555556;"Terrestre"
2005;"JUV";"PARMAJ";"Court";0;0;0;0;0,0602941176470588;"Terrestre"
2006;"JUV";"PARMAJ";"Court";0;0;0;0;0,130316091954023;"Terrestre"
2007;"JUV";"PARMAJ";"Court";0;0;0;0,0494117647058823;0,189935064935065;"Terrestre"
2008;"JUV";"PARMAJ";"Court";0;0;0;0;0,09375;"Terrestre"
2009;"JUV";"PARMAJ";"Court";0;0;0;0,0178571428571429;0,232692307692308;"Terrestre"
2010;"JUV";"PARMAJ";"Court";0;0;0;0;0,0952380952380954;"Terrestre"
2011;"JUV";"PARMAJ";"Court";0;0;0;0,0789473684210526;0,186013986013986;"Terrestre"
2012;"JUV";"PARMAJ";"Court";0;0;0;0;0,0578007518796992;"Terrestre"
2013;"JUV";"PARMAJ";"Court";0;0;0;0;0,264880952380952;"Terrestre"
2014;"JUV";"PARMAJ";"Court";0;0;0;0,0435606060606061;0,148809523809524;"Terrestre"
2015;"JUV";"PARMAJ";"Court";0;0;0;0;0,129910714285714;"Terrestre"
2016;"JUV";"PARMAJ";"Court";0;0;0;0;0,19047619047619;"Terrestre"
2017;"JUV";"PARMAJ";"Court";0;0;0;0,0833333333333333;0,203333333333334;"Terrestre"
2018;"JUV";"PARMAJ";"Court";0;0;0;0;0,213333333333334;"Terrestre"
2019;"JUV";"PARMAJ";"Court";0;0;0;0;0,179166666666666;"Terrestre"
2020;"JUV";"PARMAJ";"Court";0;0;0;0,0526315789473684;0,1675;"Terrestre"
2021;"JUV";"PARMAJ";"Court";0;0;0;0;0,126875;"Terrestre"
1989;"AD";"PHYCOL";"Court";0,00277777777777777;0,0277777777777778;0,0555555555555556;0,0833333333333333;0,108333333333333;"Terrestre"
1990;"AD";"PHYCOL";"Court";0;0;0,0852300242130751;0,106643356643357;0,181610576923077;"Terrestre"
1991;"AD";"PHYCOL";"Court";0;0;0;0,0566239316239316;0,202777777777778;"Terrestre"
1992;"AD";"PHYCOL";"Court";0;0;0;0,0454545454545455;0,26155303030303;"Terrestre"
1993;"AD";"PHYCOL";"Court";0;0;0;0,203448275862069;0,243534482758621;"Terrestre"
1994;"AD";"PHYCOL";"Court";0;0;0,148148148148148;0,153846153846154;0,272527472527473;"Terrestre"
1995;"AD";"PHYCOL";"Court";0;0;0;0,0625;0,140046296296296;"Terrestre"
1996;"AD";"PHYCOL";"Court";0;0;0,0952380952380952;0,1;0,31;"Terrestre"
1997;"AD";"PHYCOL";"Court";0;0;0,0227272727272727;0,0454545454545455;0,0603693181818182;"Terrestre"
1998;"AD";"PHYCOL";"Court";0;0;0;0;0,05625;"Terrestre"
1999;"AD";"PHYCOL";"Court";0,00769230769230766;0,0769230769230769;0,153846153846154;0,230769230769231;0,3;"Terrestre"
2000;"AD";"PHYCOL";"Court";0;0;0;0,0833333333333333;0,177951388888889;"Terrestre"
2001;"AD";"PHYCOL";"Court";0;0;0,05;0,110714285714286;0,19;"Terrestre"
2002;"AD";"PHYCOL";"Court";0;0;0,0625;0,13695652173913;0,24698275862069;"Terrestre"
2003;"AD";"PHYCOL";"Court";0;0;0;0,0769230769230769;0,26031746031746;"Terrestre"
2004;"AD";"PHYCOL";"Court";0;0;0;0,0413461538461539;0,184801136363636;"Terrestre"
2005;"AD";"PHYCOL";"Court";0;0;0;0;0,096875;"Terrestre"
2006;"AD";"PHYCOL";"Court";0;0;0;0,107142857142857;0,395833333333333;"Terrestre"
2007;"AD";"PHYCOL";"Court";0;0;0;0,111111111111111;0,4;"Terrestre"
2008;"AD";"PHYCOL";"Court";0;0;0;0,0875;0,146428571428571;"Terrestre"
2009;"AD";"PHYCOL";"Court";0;0;0;0,0954545454545455;0,425;"Terrestre"
2010;"AD";"PHYCOL";"Court";0;0;0;0,1;0,194444444444444;"Terrestre"
2011;"AD";"PHYCOL";"Court";0;0;0;0,114583333333333;0,184722222222222;"Terrestre"
2012;"AD";"PHYCOL";"Court";0;0;0;0,142857142857143;0,549999999999999;"Terrestre"
2013;"AD";"PHYCOL";"Court";0;0;0;0,142857142857143;0,288461538461538;"Terrestre"
2014;"AD";"PHYCOL";"Court";0;0;0;0,0931818181818182;0,241666666666666;"Terrestre"
2015;"AD";"PHYCOL";"Court";0;0;0;0,121428571428571;0,35;"Terrestre"
2016;"AD";"PHYCOL";"Court";0;0;0;0,122222222222222;0,276785714285714;"Terrestre"
2017;"AD";"PHYCOL";"Court";0;0;0;0,114583333333333;0,4125;"Terrestre"
2018;"AD";"PHYCOL";"Court";0;0;0;0,134920634920635;0,419999999999999;"Terrestre"
2019;"AD";"PHYCOL";"Court";0;0;0;0,0801282051282051;0,30375;"Terrestre"
2020;"AD";"PHYCOL";"Court";0;0;0;0,1;0,290476190476191;"Terrestre"
2021;"AD";"PHYCOL";"Court";0;0;0;0,102777777777778;0,197159090909091;"Terrestre"
1989;"JUV";"PHYCOL";"Court";0,00202702702702702;0,0202702702702703;0,0405405405405405;0,0608108108108108;0,0790540540540541;"Terrestre"
1990;"JUV";"PHYCOL";"Court";0;0;0;0,0230987917555082;0,173333333333333;"Terrestre"
1991;"JUV";"PHYCOL";"Court";0;0;0;0;0;"Terrestre"
1992;"JUV";"PHYCOL";"Court";0;0;0;0;0,10625;"Terrestre"
1993;"JUV";"PHYCOL";"Court";0;0;0;0,0181818181818182;0,16;"Terrestre"
1994;"JUV";"PHYCOL";"Court";0;0;0;0;0;"Terrestre"
1995;"JUV";"PHYCOL";"Court";0;0;0;0;0;"Terrestre"
1996;"JUV";"PHYCOL";"Court";0;0;0;0;0;"Terrestre"
1997;"JUV";"PHYCOL";"Court";0;0;0;0;0,0460526315789474;"Terrestre"
1998;"JUV";"PHYCOL";"Court";0;0;0;0;0;"Terrestre"
1999;"JUV";"PHYCOL";"Court";0;0;0;0;0;"Terrestre"
2000;"JUV";"PHYCOL";"Court";0;0;0;0,0555555555555556;0,125555555555556;"Terrestre"
2001;"JUV";"PHYCOL";"Court";0;0;0;0;0,034375;"Terrestre"
2002;"JUV";"PHYCOL";"Court";0;0;0;0;0,101388888888889;"Terrestre"
2003;"JUV";"PHYCOL";"Court";0;0;0;0;0,1;"Terrestre"
2004;"JUV";"PHYCOL";"Court";0;0;0;0;0;"Terrestre"
2005;"JUV";"PHYCOL";"Court";0;0;0;0;0;"Terrestre"
2006;"JUV";"PHYCOL";"Court";0;0;0;0;0;"Terrestre"
2007;"JUV";"PHYCOL";"Court";0;0;0;0;0,131666666666667;"Terrestre"
2008;"JUV";"PHYCOL";"Court";0;0;0;0;0,127916666666667;"Terrestre"
2009;"JUV";"PHYCOL";"Court";0;0;0;0;0,0653846153846155;"Terrestre"
2010;"JUV";"PHYCOL";"Court";0;0;0;0;0,0403846153846153;"Terrestre"
2011;"JUV";"PHYCOL";"Court";0;0;0;0;0,210714285714285;"Terrestre"
2012;"JUV";"PHYCOL";"Court";0;0;0;0;0,0354166666666667;"Terrestre"
2013;"JUV";"PHYCOL";"Court";0;0;0;0;0,0233333333333332;"Terrestre"
2014;"JUV";"PHYCOL";"Court";0;0;0;0;0,161111111111111;"Terrestre"
2015;"JUV";"PHYCOL";"Court";0;0;0;0;0,142857142857143;"Terrestre"
2016;"JUV";"PHYCOL";"Court";0;0;0;0;0,125;"Terrestre"
2017;"JUV";"PHYCOL";"Court";0;0;0;0;0,0333333333333338;"Terrestre"
2018;"JUV";"PHYCOL";"Court";0;0;0;0;0,183333333333334;"Terrestre"
2019;"JUV";"PHYCOL";"Court";0;0;0;0;0,144642857142857;"Terrestre"
2020;"JUV";"PHYCOL";"Court";0;0;0;0;0;"Terrestre"
2021;"JUV";"PHYCOL";"Court";0;0;0;0;0,108333333333333;"Terrestre"
1989;"AD";"PRUMOD";"Court";0,2;0,2;0,2;0,2;0,2;"Terrestre"
1990;"AD";"PRUMOD";"Court";0,002;0,02;0,04;0,0914285714285714;0,137714285714286;"Terrestre"
1991;"AD";"PRUMOD";"Court";0,00714285714285715;0,0714285714285714;0,142857142857143;0,207792207792208;0,266233766233766;"Terrestre"
1992;"AD";"PRUMOD";"Court";0;0;0;0,0555555555555556;0,105555555555556;"Terrestre"
1993;"AD";"PRUMOD";"Court";0,00555555555555554;0,0555555555555556;0,111111111111111;0,166666666666667;0,216666666666667;"Terrestre"
1994;"AD";"PRUMOD";"Court";0;0;0;0;0;"Terrestre"
1995;"AD";"PRUMOD";"Court";0,00999999999999997;0,1;0,2;0,3;0,39;"Terrestre"
1996;"AD";"PRUMOD";"Court";0;0;0;0;0;"Terrestre"
1997;"AD";"PRUMOD";"Court";0,428571428571429;0,428571428571429;0,428571428571429;0,428571428571429;0,428571428571429;"Terrestre"
1998;"AD";"PRUMOD";"Court";0;0;0;0;0;"Terrestre"
2000;"AD";"PRUMOD";"Court";0;0;0;0;0;"Terrestre"
2001;"AD";"PRUMOD";"Court";0;0;0;0,0735294117647059;0,272058823529412;"Terrestre"
2002;"AD";"PRUMOD";"Court";0;0;0,1;0,261111111111111;0,426111111111111;"Terrestre"
2003;"AD";"PRUMOD";"Court";0;0;0,0666666666666667;0,19047619047619;0,244047619047619;"Terrestre"
2004;"AD";"PRUMOD";"Court";0;0;0,181818181818182;0,207142857142857;0,221031746031746;"Terrestre"
2005;"AD";"PRUMOD";"Court";0;0;0;0,0526315789473684;0,258646616541353;"Terrestre"
2006;"AD";"PRUMOD";"Court";0;0,1;0,222222222222222;0,339285714285714;0,630952380952381;"Terrestre"
2007;"AD";"PRUMOD";"Court";0;0,0833333333333333;0,194444444444444;0,333333333333333;0,393125;"Terrestre"
2008;"AD";"PRUMOD";"Court";0;0;0;0,2;0,566666666666666;"Terrestre"
2009;"AD";"PRUMOD";"Court";0;0;0,190909090909091;0,364583333333333;0,5775;"Terrestre"
2010;"AD";"PRUMOD";"Court";0;0;0,121428571428571;0,221428571428571;0,325;"Terrestre"
2011;"AD";"PRUMOD";"Court";0;0,05;0,111111111111111;0,233766233766234;0,429220779220779;"Terrestre"
2012;"AD";"PRUMOD";"Court";0;0;0;0,193181818181818;0,322727272727273;"Terrestre"
2013;"AD";"PRUMOD";"Court";0;0;0,0714285714285714;0,196428571428571;0,551785714285714;"Terrestre"
2014;"AD";"PRUMOD";"Court";0;0;0,0882352941176471;0,205555555555556;0,348263888888889;"Terrestre"
2015;"AD";"PRUMOD";"Court";0;0;0,1;0,333333333333333;0,388333333333333;"Terrestre"
2016;"AD";"PRUMOD";"Court";0;0;0;0,256535947712418;0,325;"Terrestre"
2017;"AD";"PRUMOD";"Court";0,20625;0,25;0,25;0,293269230769231;0,330128205128205;"Terrestre"
2018;"AD";"PRUMOD";"Court";0;0;0,222222222222222;0,4;0,546031746031746;"Terrestre"
2019;"AD";"PRUMOD";"Court";0;0;0,0555555555555556;0,207692307692308;0,276098901098901;"Terrestre"
2020;"AD";"PRUMOD";"Court";0;0,0357142857142857;0,183333333333333;0,254545454545455;0,436666666666667;"Terrestre"
2021;"AD";"PRUMOD";"Court";0;0;0;0,226495726495726;0,583333333333333;"Terrestre"
1989;"JUV";"PRUMOD";"Court";0;0;0;0;0;"Terrestre"
1990;"JUV";"PRUMOD";"Court";0;0;0;0,25;0,475;"Terrestre"
1991;"JUV";"PRUMOD";"Court";0;0;0;0;0;"Terrestre"
1992;"JUV";"PRUMOD";"Court";0;0;0;0;0;"Terrestre"
1993;"JUV";"PRUMOD";"Court";0,00555555555555554;0,0555555555555556;0,111111111111111;0,166666666666667;0,216666666666667;"Terrestre"
1994;"JUV";"PRUMOD";"Court";0,125;0,125;0,125;0,125;0,125;"Terrestre"
1995;"JUV";"PRUMOD";"Court";0,25;0,25;0,25;0,25;0,25;"Terrestre"
1996;"JUV";"PRUMOD";"Court";0;0;0;0;0;"Terrestre"
1997;"JUV";"PRUMOD";"Court";0;0;0;0;0;"Terrestre"
1998;"JUV";"PRUMOD";"Court";0;0;0;0;0;"Terrestre"
2000;"JUV";"PRUMOD";"Court";0;0;0;0;0;"Terrestre"
2001;"JUV";"PRUMOD";"Court";0;0;0;0;0,257142857142857;"Terrestre"
2002;"JUV";"PRUMOD";"Court";0;0;0;0;0;"Terrestre"
2003;"JUV";"PRUMOD";"Court";0;0;0;0;0;"Terrestre"
2004;"JUV";"PRUMOD";"Court";0;0;0;0;0,283333333333333;"Terrestre"
2005;"JUV";"PRUMOD";"Court";0;0;0;0;0;"Terrestre"
2006;"JUV";"PRUMOD";"Court";0;0;0;0;0,0972222222222222;"Terrestre"
2007;"JUV";"PRUMOD";"Court";0;0;0;0;0,544444444444444;"Terrestre"
2008;"JUV";"PRUMOD";"Court";0;0;0;0;0,45;"Terrestre"
2009;"JUV";"PRUMOD";"Court";0;0;0;0;0,183125;"Terrestre"
2010;"JUV";"PRUMOD";"Court";0;0;0;0;0;"Terrestre"
2011;"JUV";"PRUMOD";"Court";0;0;0;0,149305555555556;0,311458333333333;"Terrestre"
2012;"JUV";"PRUMOD";"Court";0;0;0;0;0;"Terrestre"
2013;"JUV";"PRUMOD";"Court";0;0;0;0;0;"Terrestre"
2014;"JUV";"PRUMOD";"Court";0;0;0;0;0;"Terrestre"
2015;"JUV";"PRUMOD";"Court";0;0;0;0;0,4125;"Terrestre"
2016;"JUV";"PRUMOD";"Court";0;0;0;0;0,10625;"Terrestre"
2017;"JUV";"PRUMOD";"Court";0;0;0;0;0;"Terrestre"
2018;"JUV";"PRUMOD";"Court";0;0;0;0,166666666666667;0,316666666666667;"Terrestre"
2019;"JUV";"PRUMOD";"Court";0;0;0;0,0333333333333333;0,293333333333333;"Terrestre"
2020;"JUV";"PRUMOD";"Court";0;0;0;0;0,0533333333333334;"Terrestre"
2021;"JUV";"PRUMOD";"Court";0;0;0;0;0,062;"Terrestre"
1989;"AD";"SYLATR";"Court";0,0550207039337474;0,121635610766046;0,195652173913043;0,472826086956522;0,722282608695652;"Terrestre"
1990;"AD";"SYLATR";"Court";0,00775862068965518;0,0533625730994152;0,100549450549451;0,14634703196347;0,210072689511942;"Terrestre"
1991;"AD";"SYLATR";"Court";0;0;0,0494117647058823;0,0970705064548163;0,242626728110599;"Terrestre"
1992;"AD";"SYLATR";"Court";0;0,0161290322580645;0,04;0,0521390374331551;0,0831223628691983;"Terrestre"
1993;"AD";"SYLATR";"Court";0;0;0;0,0965909090909091;0,137061403508772;"Terrestre"
1994;"AD";"SYLATR";"Court";0;0;0,0705882352941176;0,155844155844156;0,181481481481481;"Terrestre"
1995;"AD";"SYLATR";"Court";0;0;0;0,12483660130719;0,183445945945946;"Terrestre"
1996;"AD";"SYLATR";"Court";0;0;0,0592948717948718;0,128008021390374;0,142857142857143;"Terrestre"
1997;"AD";"SYLATR";"Court";0;0,0217391304347826;0,0689655172413793;0,113636363636364;0,18125;"Terrestre"
1998;"AD";"SYLATR";"Court";0;0;0;0;0,124206349206349;"Terrestre"
1999;"AD";"SYLATR";"Court";0;0;0;0,143581081081081;0,194324324324324;"Terrestre"
2000;"AD";"SYLATR";"Court";0;0;0,0212765957446809;0,0571428571428571;0,175555555555555;"Terrestre"
2001;"AD";"SYLATR";"Court";0;0;0;0,0952380952380952;0,257894736842105;"Terrestre"
2002;"AD";"SYLATR";"Court";0;0;0;0,0960960960960961;0,210160427807486;"Terrestre"
2003;"AD";"SYLATR";"Court";0;0;0,0689655172413793;0,142857142857143;0,193333333333333;"Terrestre"
2004;"AD";"SYLATR";"Court";0;0;0;0,0674418604651163;0,186805555555555;"Terrestre"
2005;"AD";"SYLATR";"Court";0;0;0;0,0725;0,284340659340659;"Terrestre"
2006;"AD";"SYLATR";"Court";0;0;0;0,111111111111111;0,421428571428572;"Terrestre"
2007;"AD";"SYLATR";"Court";0;0;0;0,0762987012987013;0,270833333333333;"Terrestre"
2008;"AD";"SYLATR";"Court";0;0;0;0,0909090909090909;0,25;"Terrestre"
2009;"AD";"SYLATR";"Court";0;0;0;0,111455108359133;0,333333333333333;"Terrestre"
2010;"AD";"SYLATR";"Court";0;0;0,0344827586206897;0,115384615384615;0,255555555555556;"Terrestre"
2011;"AD";"SYLATR";"Court";0;0;0,0131578947368421;0,0947619047619048;0,240972222222222;"Terrestre"
2012;"AD";"SYLATR";"Court";0;0;0;0,0695812807881773;0,227083333333333;"Terrestre"
2013;"AD";"SYLATR";"Court";0;0;0;0,1;0,267613636363636;"Terrestre"
2014;"AD";"SYLATR";"Court";0;0;0;0,0833333333333333;0,204166666666667;"Terrestre"
2015;"AD";"SYLATR";"Court";0;0;0;0,0769230769230769;0,277083333333334;"Terrestre"
2016;"AD";"SYLATR";"Court";0;0;0,0166666666666667;0,111111111111111;0,25;"Terrestre"
2017;"AD";"SYLATR";"Court";0;0;0;0,0714285714285714;0,288571428571429;"Terrestre"
2018;"AD";"SYLATR";"Court";0;0;0,0666666666666667;0,160714285714286;0,301339285714285;"Terrestre"
2019;"AD";"SYLATR";"Court";0;0;0;0,0714285714285714;0,227884615384615;"Terrestre"
2020;"AD";"SYLATR";"Court";0;0;0,0625;0,121323529411765;0,340909090909091;"Terrestre"
2021;"AD";"SYLATR";"Court";0;0;0;0,0909090909090909;0,236538461538462;"Terrestre"
1989;"JUV";"SYLATR";"Court";0,001;0,01;0,02;0,0444827586206897;0,0665172413793104;"Terrestre"
1990;"JUV";"SYLATR";"Court";0;0;0;0,0285714285714286;0,153333333333333;"Terrestre"
1991;"JUV";"SYLATR";"Court";0;0;0;0,0161290322580645;0,123809523809524;"Terrestre"
1992;"JUV";"SYLATR";"Court";0;0;0,0222222222222222;0,0607142857142857;0,0977272727272727;"Terrestre"
1993;"JUV";"SYLATR";"Court";0;0;0;0,0339861751152074;0,119073275862069;"Terrestre"
1994;"JUV";"SYLATR";"Court";0;0;0;0;0,116666666666667;"Terrestre"
1995;"JUV";"SYLATR";"Court";0;0;0;0,0625;0,0881118881118881;"Terrestre"
1996;"JUV";"SYLATR";"Court";0;0;0;0;0,247899159663866;"Terrestre"
1997;"JUV";"SYLATR";"Court";0;0;0;0;0,0842105263157895;"Terrestre"
1998;"JUV";"SYLATR";"Court";0;0;0;0;0,123809523809524;"Terrestre"
1999;"JUV";"SYLATR";"Court";0;0;0;0,00892857142857143;0,108928571428571;"Terrestre"
2000;"JUV";"SYLATR";"Court";0;0;0;0;0,0159574468085106;"Terrestre"
2001;"JUV";"SYLATR";"Court";0;0;0;0;0;"Terrestre"
2002;"JUV";"SYLATR";"Court";0;0;0;0;0,0906386066763423;"Terrestre"
2003;"JUV";"SYLATR";"Court";0;0;0;0;0,106089743589744;"Terrestre"
2004;"JUV";"SYLATR";"Court";0;0;0;0;0,0222152690863579;"Terrestre"
2005;"JUV";"SYLATR";"Court";0;0;0;0;0,0610991379310344;"Terrestre"
2006;"JUV";"SYLATR";"Court";0;0;0;0;0,106418918918919;"Terrestre"
2007;"JUV";"SYLATR";"Court";0;0;0;0;0,0979166666666664;"Terrestre"
2008;"JUV";"SYLATR";"Court";0;0;0;0;0,30625;"Terrestre"
2009;"JUV";"SYLATR";"Court";0;0;0;0;0,249285714285714;"Terrestre"
2010;"JUV";"SYLATR";"Court";0;0;0;0;0,139583333333333;"Terrestre"
2011;"JUV";"SYLATR";"Court";0;0;0;0;0,110769230769231;"Terrestre"
2012;"JUV";"SYLATR";"Court";0;0;0;0;0,0440476190476189;"Terrestre"
2013;"JUV";"SYLATR";"Court";0;0;0;0;0,313333333333333;"Terrestre"
2014;"JUV";"SYLATR";"Court";0;0;0;0,0298573975044563;0,128571428571428;"Terrestre"
2015;"JUV";"SYLATR";"Court";0;0;0;0;0,110625;"Terrestre"
2016;"JUV";"SYLATR";"Court";0;0;0;0;0,0696428571428571;"Terrestre"
2017;"JUV";"SYLATR";"Court";0;0;0;0;0,25;"Terrestre"
2018;"JUV";"SYLATR";"Court";0;0;0;0;0,203977272727273;"Terrestre"
2019;"JUV";"SYLATR";"Court";0;0;0;0;0,115625;"Terrestre"
2020;"JUV";"SYLATR";"Court";0;0;0;0;0,101136363636364;"Terrestre"
2021;"JUV";"SYLATR";"Court";0;0;0;0;0,104722222222222;"Terrestre"
1989;"AD";"TURMER";"Court";0,00681818181818179;0,0681818181818182;0,136363636363636;0,204545454545455;0,265909090909091;"Terrestre"
1990;"AD";"TURMER";"Court";0;0;0,0901856763925729;0,153343023255814;0,362037037037037;"Terrestre"
1991;"AD";"TURMER";"Court";0;0,0416666666666667;0,111111111111111;0,177083333333333;0,240131578947368;"Terrestre"
1992;"AD";"TURMER";"Court";0;0;0,111111111111111;0,226190476190476;0,3375;"Terrestre"
1993;"AD";"TURMER";"Court";0;0;0,0208333333333333;0,2375;0,375367647058824;"Terrestre"
1994;"AD";"TURMER";"Court";0;0;0,0394736842105263;0,166666666666667;0,373541666666667;"Terrestre"
1995;"AD";"TURMER";"Court";0;0;0;0,285714285714286;0,319288645690835;"Terrestre"
1996;"AD";"TURMER";"Court";0;0,0147058823529412;0,117647058823529;0,154761904761905;0,256818181818182;"Terrestre"
1997;"AD";"TURMER";"Court";0,0125;0,0755494505494506;0,168181818181818;0,241071428571429;0,338392857142857;"Terrestre"
1998;"AD";"TURMER";"Court";0;0;0;0,118055555555556;0,263888888888889;"Terrestre"
1999;"AD";"TURMER";"Court";0;0;0,125;0,2;0,32;"Terrestre"
2000;"AD";"TURMER";"Court";0;0;0,111111111111111;0,25;0,285714285714286;"Terrestre"
2001;"AD";"TURMER";"Court";0;0;0,0692307692307692;0,290229885057471;0,626644736842105;"Terrestre"
2002;"AD";"TURMER";"Court";0;0;0;0,125;0,193055555555555;"Terrestre"
2003;"AD";"TURMER";"Court";0;0;0,0801282051282051;0,136554621848739;0,303977272727272;"Terrestre"
2004;"AD";"TURMER";"Court";0;0;0;0,153333333333333;0,311666666666667;"Terrestre"
2005;"AD";"TURMER";"Court";0;0;0;0,142857142857143;0,345833333333333;"Terrestre"
2006;"AD";"TURMER";"Court";0;0;0,111111111111111;0,2;0,386363636363636;"Terrestre"
2007;"AD";"TURMER";"Court";0;0;0,153846153846154;0,25;0,644444444444446;"Terrestre"
2008;"AD";"TURMER";"Court";0;0;0,0769230769230769;0,2;0,383333333333333;"Terrestre"
2009;"AD";"TURMER";"Court";0;0;0,125;0,183333333333333;0,425;"Terrestre"
2010;"AD";"TURMER";"Court";0;0;0,118055555555556;0,226470588235294;0,597222222222221;"Terrestre"
2011;"AD";"TURMER";"Court";0;0;0,0976190476190476;0,1875;0,4625;"Terrestre"
2012;"AD";"TURMER";"Court";0;0;0,0909090909090909;0,195238095238095;0,372222222222222;"Terrestre"
2013;"AD";"TURMER";"Court";0;0,0619747899159664;0,145833333333333;0,296428571428571;0,5225;"Terrestre"
2014;"AD";"TURMER";"Court";0;0;0,0909090909090909;0,174242424242424;0,472222222222222;"Terrestre"
2015;"AD";"TURMER";"Court";0;0;0,13953488372093;0,25;0,476190476190476;"Terrestre"
2016;"AD";"TURMER";"Court";0;0;0,025;0,125;0,4;"Terrestre"
2017;"AD";"TURMER";"Court";0;0;0,111111111111111;0,2;0,467045454545454;"Terrestre"
2018;"AD";"TURMER";"Court";0;0;0,1;0,166666666666667;0,413636363636364;"Terrestre"
2019;"AD";"TURMER";"Court";0;0;0;0,285714285714286;0,408571428571429;"Terrestre"
2020;"AD";"TURMER";"Court";0;0;0,0952380952380952;0,190909090909091;0,425;"Terrestre"
2021;"AD";"TURMER";"Court";0;0;0,111111111111111;0,215909090909091;0,756249999999999;"Terrestre"
1989;"JUV";"TURMER";"Court";0;0;0;0;0;"Terrestre"
1990;"JUV";"TURMER";"Court";0;0;0;0;0,0775;"Terrestre"
1991;"JUV";"TURMER";"Court";0;0;0;0;0,175454545454546;"Terrestre"
1992;"JUV";"TURMER";"Court";0;0;0;0;0,15;"Terrestre"
1993;"JUV";"TURMER";"Court";0;0;0;0,0666666666666667;0,1;"Terrestre"
1994;"JUV";"TURMER";"Court";0;0;0;0,118181818181818;0,24125;"Terrestre"
1995;"JUV";"TURMER";"Court";0;0;0;0;0,053125;"Terrestre"
1996;"JUV";"TURMER";"Court";0;0;0;0;0;"Terrestre"
1997;"JUV";"TURMER";"Court";0;0;0;0,157142857142857;0,244642857142857;"Terrestre"
1998;"JUV";"TURMER";"Court";0;0;0;0;0,043421052631579;"Terrestre"
1999;"JUV";"TURMER";"Court";0;0;0;0,222222222222222;0,247222222222222;"Terrestre"
2000;"JUV";"TURMER";"Court";0;0;0;0;0;"Terrestre"
2001;"JUV";"TURMER";"Court";0;0;0;0;0,2325;"Terrestre"
2002;"JUV";"TURMER";"Court";0;0;0;0;0,1825;"Terrestre"
2003;"JUV";"TURMER";"Court";0;0;0;0;0,117708333333333;"Terrestre"
2004;"JUV";"TURMER";"Court";0;0;0;0;0,110625;"Terrestre"
2005;"JUV";"TURMER";"Court";0;0;0;0;0,19375;"Terrestre"
2006;"JUV";"TURMER";"Court";0;0;0;0;0,258333333333333;"Terrestre"
2007;"JUV";"TURMER";"Court";0;0;0;0;0,2825;"Terrestre"
2008;"JUV";"TURMER";"Court";0;0;0;0;0,507142857142858;"Terrestre"
2009;"JUV";"TURMER";"Court";0;0;0;0;0,169642857142857;"Terrestre"
2010;"JUV";"TURMER";"Court";0;0;0;0;0,7125;"Terrestre"
2011;"JUV";"TURMER";"Court";0;0;0;0;0,25;"Terrestre"
2012;"JUV";"TURMER";"Court";0;0;0;0;0,0409090909090908;"Terrestre"
2013;"JUV";"TURMER";"Court";0;0;0;0;0,619999999999999;"Terrestre"
2014;"JUV";"TURMER";"Court";0;0;0;0,125;0,440000000000001;"Terrestre"
2015;"JUV";"TURMER";"Court";0;0;0;0;0,34;"Terrestre"
2016;"JUV";"TURMER";"Court";0;0;0;0;0,0409090909090908;"Terrestre"
2017;"JUV";"TURMER";"Court";0;0;0;0,0192307692307692;0,549999999999999;"Terrestre"
2018;"JUV";"TURMER";"Court";0;0;0;0;0,196428571428571;"Terrestre"
2019;"JUV";"TURMER";"Court";0;0;0;0;0,32;"Terrestre"
2020;"JUV";"TURMER";"Court";0;0;0;0;0,637499999999999;"Terrestre"
2021;"JUV";"TURMER";"Court";0;0;0;0;0,141666666666667;"Terrestre"
1990;"AD";"ACRSCI";"Long";0,125929054054054;0,134290540540541;0,143581081081081;0,152871621621622;0,161233108108108;"Terrestre"
1991;"AD";"ACRSCI";"Long";0,0090909090909091;0,0909090909090909;0,181818181818182;0,190909090909091;0,199090909090909;"Terrestre"
1992;"AD";"ACRSCI";"Long";0;0;0;0,024390243902439;0,0902439024390244;"Terrestre"
1993;"AD";"ACRSCI";"Long";0;0;0;0,0918367346938776;0,174489795918367;"Terrestre"
1994;"AD";"ACRSCI";"Long";0,00333333333333332;0,0333333333333333;0,0666666666666667;0,1;0,13;"Terrestre"
1995;"AD";"ACRSCI";"Long";0,00178571428571428;0,0178571428571429;0,0357142857142857;0,0535714285714286;0,0696428571428571;"Terrestre"
1996;"AD";"ACRSCI";"Long";0,00240384615384615;0,0240384615384615;0,0480769230769231;0,0721153846153846;0,09375;"Terrestre"
1997;"AD";"ACRSCI";"Long";0;0;0;0,0121951219512195;0,0451219512195122;"Terrestre"
1998;"AD";"ACRSCI";"Long";0,0541666666666667;0,0679824561403509;0,0833333333333333;0,119791666666667;0,152604166666667;"Terrestre"
1999;"AD";"ACRSCI";"Long";0,0356997971602434;0,0466531440162272;0,0588235294117647;0,0759233926128591;0,0913132694938441;"Terrestre"
2000;"AD";"ACRSCI";"Long";0;0;0;0,01;0,037;"Terrestre"
2001;"AD";"ACRSCI";"Long";0,0046875;0,046875;0,09375;0,102430555555556;0,110243055555556;"Terrestre"
2002;"AD";"ACRSCI";"Long";0,0673529411764706;0,0735294117647059;0,0833333333333333;0,0833333333333333;0,177083333333333;"Terrestre"
2003;"AD";"ACRSCI";"Long";0,0167724776938916;0,0284574468085106;0,0767241379310345;0,10480943738657;0,450657894736842;"Terrestre"
2004;"AD";"ACRSCI";"Long";0;0;0;0,0535714285714286;0,199603174603175;"Terrestre"
2005;"AD";"ACRSCI";"Long";0;0;0,0690737833594977;0,107142857142857;0,1625;"Terrestre"
2006;"AD";"ACRSCI";"Long";0;0,03125;0,111111111111111;0,135135135135135;0,246666666666667;"Terrestre"
2007;"AD";"ACRSCI";"Long";0;0,0263157894736842;0,115384615384615;0,176470588235294;0,20151724137931;"Terrestre"
2008;"AD";"ACRSCI";"Long";0;0,0446428571428571;0,117647058823529;0,155138339920949;0,542279411764706;"Terrestre"
2009;"AD";"ACRSCI";"Long";0;0,0119047619047619;0,109126984126984;0,149264705882353;0,338795986622074;"Terrestre"
2010;"AD";"ACRSCI";"Long";0;0;0,0768181818181818;0,155405405405405;0,38234375;"Terrestre"
2011;"AD";"ACRSCI";"Long";0;0,0142857142857143;0,115384615384615;0,191574279379157;0,337426900584795;"Terrestre"
2012;"AD";"ACRSCI";"Long";0;0;0,0652173913043478;0,141447368421053;0,212121212121212;"Terrestre"
2013;"AD";"ACRSCI";"Long";0;0;0,0769230769230769;0,205128205128205;0,241176470588235;"Terrestre"
2014;"AD";"ACRSCI";"Long";0,00703125;0,056980056980057;0,127727856225931;0,240765765765766;0,355756578947368;"Terrestre"
2015;"AD";"ACRSCI";"Long";0;0,0238095238095238;0,121212121212121;0,166666666666667;0,231087470449173;"Terrestre"
2016;"AD";"ACRSCI";"Long";0;0;0,0769230769230769;0,163265306122449;0,237689393939394;"Terrestre"
2017;"AD";"ACRSCI";"Long";0;0,0875;0,108187134502924;0,128024193548387;0,174264705882353;"Terrestre"
2018;"AD";"ACRSCI";"Long";0;0,0227272727272727;0,0909090909090909;0,122536945812808;0,371428571428571;"Terrestre"
2019;"AD";"ACRSCI";"Long";0;0,0357142857142857;0,075;0,131713554987212;0,189657738095238;"Terrestre"
2020;"AD";"ACRSCI";"Long";0;0,0138888888888889;0,0717948717948718;0,132272727272727;0,217879256965944;"Terrestre"
2021;"AD";"ACRSCI";"Long";0;0;0;0;0,113333333333333;"Terrestre"
1990;"JUV";"ACRSCI";"Long";0,00624999999999998;0,0625;0,125;0,1875;0,24375;"Terrestre"
1991;"JUV";"ACRSCI";"Long";0;0;0;0;0;"Terrestre"
1992;"JUV";"ACRSCI";"Long";0;0;0;0;0;"Terrestre"
1993;"JUV";"ACRSCI";"Long";0;0;0;0;0;"Terrestre"
1994;"JUV";"ACRSCI";"Long";0;0;0;0;0;"Terrestre"
1996;"JUV";"ACRSCI";"Long";0;0;0;0;0;"Terrestre"
1997;"JUV";"ACRSCI";"Long";0;0;0;0;0;"Terrestre"
1998;"JUV";"ACRSCI";"Long";0;0;0;0;0;"Terrestre"
1999;"JUV";"ACRSCI";"Long";0;0;0;0;0;"Terrestre"
2000;"JUV";"ACRSCI";"Long";0;0;0;0;0;"Terrestre"
2002;"JUV";"ACRSCI";"Long";0;0;0;0,0357142857142857;0,132142857142857;"Terrestre"
2003;"JUV";"ACRSCI";"Long";0;0;0;0;0;"Terrestre"
2004;"JUV";"ACRSCI";"Long";0;0;0;0;0;"Terrestre"
2005;"JUV";"ACRSCI";"Long";0;0;0;0,102678571428571;0,871428571428571;"Terrestre"
2006;"JUV";"ACRSCI";"Long";0;0;0;0,0238095238095238;0,857142857142857;"Terrestre"
2007;"JUV";"ACRSCI";"Long";0;0;0;0;0;"Terrestre"
2008;"JUV";"ACRSCI";"Long";0;0;0;0,0192307692307692;0,147435897435897;"Terrestre"
2009;"JUV";"ACRSCI";"Long";0;0;0;0;0,145833333333333;"Terrestre"
2010;"JUV";"ACRSCI";"Long";0;0;0;0;0,0447368421052631;"Terrestre"
2011;"JUV";"ACRSCI";"Long";0;0;0;0,0138888888888889;0,127579365079365;"Terrestre"
2012;"JUV";"ACRSCI";"Long";0;0;0;0;0,0392857142857143;"Terrestre"
2013;"JUV";"ACRSCI";"Long";0;0;0;0,0833333333333333;0,451388888888889;"Terrestre"
2014;"JUV";"ACRSCI";"Long";0;0;0;0;0,4125;"Terrestre"
2015;"JUV";"ACRSCI";"Long";0;0;0;0;0,075;"Terrestre"
2016;"JUV";"ACRSCI";"Long";0;0;0;0;0,04125;"Terrestre"
2017;"JUV";"ACRSCI";"Long";0;0;0;0,0691176470588235;0,8425;"Terrestre"
2018;"JUV";"ACRSCI";"Long";0;0;0;0;0,266666666666667;"Terrestre"
2019;"JUV";"ACRSCI";"Long";0;0;0;0,0357142857142857;0,1625;"Terrestre"
2020;"JUV";"ACRSCI";"Long";0;0;0;0;0;"Terrestre"
2021;"JUV";"ACRSCI";"Long";0;0;0;0;0,4;"Terrestre"
1991;"AD";"HIPPOL";"Long";0;0;0;0;0;"Terrestre"
1992;"AD";"HIPPOL";"Long";0;0;0;0;0;"Terrestre"
1993;"AD";"HIPPOL";"Long";0;0;0;0;0;"Terrestre"
1994;"AD";"HIPPOL";"Long";0,142857142857143;0,142857142857143;0,142857142857143;0,142857142857143;0,142857142857143;"Terrestre"
1995;"AD";"HIPPOL";"Long";0;0;0;0;0;"Terrestre"
1997;"AD";"HIPPOL";"Long";0;0;0;0;0;"Terrestre"
1998;"AD";"HIPPOL";"Long";0;0;0;0;0;"Terrestre"
1999;"AD";"HIPPOL";"Long";0;0;0;0;0;"Terrestre"
2000;"AD";"HIPPOL";"Long";0,230769230769231;0,230769230769231;0,230769230769231;0,230769230769231;0,230769230769231;"Terrestre"
2001;"AD";"HIPPOL";"Long";0,0034090909090909;0,0340909090909091;0,0681818181818182;0,102272727272727;0,132954545454545;"Terrestre"
2002;"AD";"HIPPOL";"Long";0;0;0;0,0833333333333333;0,308333333333333;"Terrestre"
2003;"AD";"HIPPOL";"Long";0;0;0;0;0,0972222222222222;"Terrestre"
2004;"AD";"HIPPOL";"Long";0;0;0;0,0940438871473354;0,327478448275862;"Terrestre"
2005;"AD";"HIPPOL";"Long";0,0142857142857143;0,0833333333333333;0,111111111111111;0,142857142857143;0,408080808080808;"Terrestre"
2006;"AD";"HIPPOL";"Long";0;0;0;0;0,0600000000000001;"Terrestre"
2007;"AD";"HIPPOL";"Long";0;0;0;0,0517857142857143;0,111785714285714;"Terrestre"
2008;"AD";"HIPPOL";"Long";0;0;0,0227272727272727;0,105113636363636;0,184979838709677;"Terrestre"
2009;"AD";"HIPPOL";"Long";0;0;0,125;0,176470588235294;0,325714285714286;"Terrestre"
2010;"AD";"HIPPOL";"Long";0;0,0714285714285714;0,166666666666667;0,1875;0,312820512820513;"Terrestre"
2011;"AD";"HIPPOL";"Long";0;0;0,0357142857142857;0,0817307692307692;0,189806547619048;"Terrestre"
2012;"AD";"HIPPOL";"Long";0;0;0,0263157894736842;0,115942028985507;0,225891861761427;"Terrestre"
2013;"AD";"HIPPOL";"Long";0;0;0,0907103825136612;0,226190476190476;0,292753623188406;"Terrestre"
2014;"AD";"HIPPOL";"Long";0,0105263157894737;0,0625;0,105263157894737;0,125;0,219397993311037;"Terrestre"
2015;"AD";"HIPPOL";"Long";0;0;0,0238095238095238;0,12987012987013;0,15189205955335;"Terrestre"
2016;"AD";"HIPPOL";"Long";0;0;0;0,111111111111111;0,30062893081761;"Terrestre"
2017;"AD";"HIPPOL";"Long";0;0;0;0,0668498168498168;0,101785714285714;"Terrestre"
2018;"AD";"HIPPOL";"Long";0;0;0,109649122807018;0,195833333333333;0,279464285714286;"Terrestre"
2019;"AD";"HIPPOL";"Long";0;0;0,0357142857142857;0,116515837104072;0,350551470588235;"Terrestre"
2020;"AD";"HIPPOL";"Long";0;0;0;0,0789473684210526;0,130344827586207;"Terrestre"
2021;"AD";"HIPPOL";"Long";0;0;0;0,15;0,24375;"Terrestre"
1992;"JUV";"HIPPOL";"Long";0;0;0;0;0;"Terrestre"
1994;"JUV";"HIPPOL";"Long";0;0;0;0;0;"Terrestre"
1995;"JUV";"HIPPOL";"Long";0;0;0;0;0;"Terrestre"
2000;"JUV";"HIPPOL";"Long";0;0;0;0;0;"Terrestre"
2001;"JUV";"HIPPOL";"Long";0;0;0;0;0;"Terrestre"
2002;"JUV";"HIPPOL";"Long";0;0;0;0;0;"Terrestre"
2003;"JUV";"HIPPOL";"Long";0;0;0;0;0;"Terrestre"
2004;"JUV";"HIPPOL";"Long";0;0;0;0;0;"Terrestre"
2005;"JUV";"HIPPOL";"Long";0;0;0;0;0;"Terrestre"
2006;"JUV";"HIPPOL";"Long";0;0;0;0;0;"Terrestre"
2007;"JUV";"HIPPOL";"Long";0;0;0;0;0;"Terrestre"
2008;"JUV";"HIPPOL";"Long";0;0;0;0;0;"Terrestre"
2009;"JUV";"HIPPOL";"Long";0;0;0;0;0;"Terrestre"
2010;"JUV";"HIPPOL";"Long";0;0;0;0;0;"Terrestre"
2011;"JUV";"HIPPOL";"Long";0;0;0;0;0,0951923076923077;"Terrestre"
2012;"JUV";"HIPPOL";"Long";0;0;0;0;0,0625;"Terrestre"
2013;"JUV";"HIPPOL";"Long";0;0;0;0;0;"Terrestre"
2014;"JUV";"HIPPOL";"Long";0;0;0;0;0,0916666666666667;"Terrestre"
2015;"JUV";"HIPPOL";"Long";0;0;0;0,0967741935483871;0,866666666666667;"Terrestre"
2016;"JUV";"HIPPOL";"Long";0;0;0;0,0227272727272727;0,0840909090909091;"Terrestre"
2017;"JUV";"HIPPOL";"Long";0;0;0;0,0185185185185185;0,0685185185185185;"Terrestre"
2018;"JUV";"HIPPOL";"Long";0;0;0;0;0;"Terrestre"
2019;"JUV";"HIPPOL";"Long";0;0;0;0;0;"Terrestre"
2020;"JUV";"HIPPOL";"Long";0;0;0;0;0;"Terrestre"
2021;"JUV";"HIPPOL";"Long";0;0;0;0;0;"Terrestre"
1990;"AD";"LUSMEG";"Long";0,0671794871794872;0,0717948717948718;0,0769230769230769;0,146569646569647;0,209251559251559;"Terrestre"
1991;"AD";"LUSMEG";"Long";0;0;0,1;0,104166666666667;0,169240196078431;"Terrestre"
1992;"AD";"LUSMEG";"Long";0,0107142857142857;0,107142857142857;0,154761904761905;0,1875;0,24375;"Terrestre"
1993;"AD";"LUSMEG";"Long";0;0;0,06;0,125714285714286;0,141142857142857;"Terrestre"
1994;"AD";"LUSMEG";"Long";0,0515151515151515;0,106060606060606;0,166666666666667;0,214912280701754;0,258333333333333;"Terrestre"
1995;"AD";"LUSMEG";"Long";0;0;0,05;0,190384615384615;0,434423076923077;"Terrestre"
1996;"AD";"LUSMEG";"Long";0,161039402173913;0,20414402173913;0,252038043478261;0,299932065217391;0,343036684782609;"Terrestre"
1997;"AD";"LUSMEG";"Long";0,126913265306122;0,144132653061224;0,163265306122449;0,206632653061224;0,245663265306122;"Terrestre"
1998;"AD";"LUSMEG";"Long";0;0;0;0,166666666666667;0,316666666666667;"Terrestre"
1999;"AD";"LUSMEG";"Long";0,364267676767677;0,369949494949495;0,376262626262626;0,382575757575758;0,388257575757576;"Terrestre"
2000;"AD";"LUSMEG";"Long";0,12875;0,1625;0,2;0,225;0,2475;"Terrestre"
2001;"AD";"LUSMEG";"Long";0,0982608695652174;0,2;0,285714285714286;0,347826086956522;0,443873517786561;"Terrestre"
2002;"AD";"LUSMEG";"Long";0,113194444444444;0,133928571428571;0,166666666666667;0,220689655172414;0,349364791288566;"Terrestre"
2003;"AD";"LUSMEG";"Long";0,0884615384615385;0,185714285714286;0,25;0,384191176470588;0,690808823529412;"Terrestre"
2004;"AD";"LUSMEG";"Long";0;0,0576923076923077;0,19375;0,2575;0,358375;"Terrestre"
2005;"AD";"LUSMEG";"Long";0,01;0,0932330827067669;0,183566433566434;0,297697368421053;0,330263157894737;"Terrestre"
2006;"AD";"LUSMEG";"Long";0,0194444444444444;0,121527777777778;0,16025641025641;0,177631578947368;0,311842105263158;"Terrestre"
2007;"AD";"LUSMEG";"Long";0;0;0,0714285714285714;0,176470588235294;0,230147058823529;"Terrestre"
2008;"AD";"LUSMEG";"Long";0,0119047619047619;0,0992063492063492;0,155555555555556;0,270588235294118;0,405185758513932;"Terrestre"
2009;"AD";"LUSMEG";"Long";0;0,0416666666666667;0,0727513227513227;0,346153846153846;0,479807692307692;"Terrestre"
2010;"AD";"LUSMEG";"Long";0;0,0326086956521739;0,116666666666667;0,186363636363636;0,332;"Terrestre"
2011;"AD";"LUSMEG";"Long";0;0,125;0,178571428571429;0,218181818181818;0,357102272727273;"Terrestre"
2012;"AD";"LUSMEG";"Long";0,015625;0,132211538461538;0,16025641025641;0,199561403508772;0,213815789473684;"Terrestre"
2013;"AD";"LUSMEG";"Long";0,014;0,095;0,182539682539683;0,229166666666667;0,31875;"Terrestre"
2014;"AD";"LUSMEG";"Long";0;0,2;0,277777777777778;0,333333333333333;0,422222222222222;"Terrestre"
2015;"AD";"LUSMEG";"Long";0;0,0416666666666667;0,1125;0,163594470046083;0,369516129032258;"Terrestre"
2016;"AD";"LUSMEG";"Long";0;0,0588235294117647;0,153846153846154;0,307692307692308;0,866666666666667;"Terrestre"
2017;"AD";"LUSMEG";"Long";0,0580555555555556;0,0913461538461539;0,133928571428571;0,2375;0,282792207792208;"Terrestre"
2018;"AD";"LUSMEG";"Long";0;0;0,142857142857143;0,25;0,39375;"Terrestre"
2019;"AD";"LUSMEG";"Long";0;0;0,192028985507246;0,276785714285714;0,333333333333333;"Terrestre"
2020;"AD";"LUSMEG";"Long";0;0,0113636363636364;0,167832167832168;0,281818181818182;0,353787878787879;"Terrestre"
2021;"AD";"LUSMEG";"Long";0;0,1;0,176470588235294;0,214285714285714;0,384736842105263;"Terrestre"
1990;"JUV";"LUSMEG";"Long";0;0;0;0,0333333333333333;0,0633333333333333;"Terrestre"
1991;"JUV";"LUSMEG";"Long";0;0;0;0,125;0,1925;"Terrestre"
1992;"JUV";"LUSMEG";"Long";0;0;0,0769230769230769;0,177884615384615;0,242788461538462;"Terrestre"
1993;"JUV";"LUSMEG";"Long";0;0;0,03125;0,0746527777777778;0,107465277777778;"Terrestre"
1994;"JUV";"LUSMEG";"Long";0;0;0;0;0;"Terrestre"
1995;"JUV";"LUSMEG";"Long";0;0;0;0;0;"Terrestre"
1996;"JUV";"LUSMEG";"Long";0,00555555555555554;0,0555555555555556;0,111111111111111;0,166666666666667;0,216666666666667;"Terrestre"
1997;"JUV";"LUSMEG";"Long";0;0;0;0,0769230769230769;0,146153846153846;"Terrestre"
1998;"JUV";"LUSMEG";"Long";0;0;0;0,0555555555555556;0,105555555555556;"Terrestre"
1999;"JUV";"LUSMEG";"Long";0;0;0;0;0;"Terrestre"
2000;"JUV";"LUSMEG";"Long";0;0;0;0;0;"Terrestre"
2001;"JUV";"LUSMEG";"Long";0;0;0;0;0,09;"Terrestre"
2002;"JUV";"LUSMEG";"Long";0;0;0;0;0;"Terrestre"
2003;"JUV";"LUSMEG";"Long";0;0;0;0,078525641025641;0,220833333333333;"Terrestre"
2004;"JUV";"LUSMEG";"Long";0;0;0;0,0131578947368421;0,0550438596491228;"Terrestre"
2005;"JUV";"LUSMEG";"Long";0;0;0,0333333333333333;0,0815018315018315;0,108333333333333;"Terrestre"
2006;"JUV";"LUSMEG";"Long";0;0;0,0208333333333333;0,148809523809524;0,166666666666667;"Terrestre"
2007;"JUV";"LUSMEG";"Long";0;0;0;0,0871212121212121;0,296969696969697;"Terrestre"
2008;"JUV";"LUSMEG";"Long";0;0;0;0;0,21875;"Terrestre"
2009;"JUV";"LUSMEG";"Long";0;0;0;0,0416666666666667;0,304166666666667;"Terrestre"
2010;"JUV";"LUSMEG";"Long";0;0;0;0;0;"Terrestre"
2011;"JUV";"LUSMEG";"Long";0;0;0;0;0,11;"Terrestre"
2012;"JUV";"LUSMEG";"Long";0;0;0;0,0625;0,447916666666667;"Terrestre"
2013;"JUV";"LUSMEG";"Long";0;0;0;0,266666666666667;0,616666666666667;"Terrestre"
2014;"JUV";"LUSMEG";"Long";0;0;0;0;0,273333333333333;"Terrestre"
2015;"JUV";"LUSMEG";"Long";0;0;0;0,0277777777777778;0,184444444444444;"Terrestre"
2016;"JUV";"LUSMEG";"Long";0;0;0;0;0,283333333333333;"Terrestre"
2017;"JUV";"LUSMEG";"Long";0;0;0;0,0769230769230769;0,12;"Terrestre"
2018;"JUV";"LUSMEG";"Long";0;0;0;0,0238095238095238;0,166666666666667;"Terrestre"
2019;"JUV";"LUSMEG";"Long";0;0;0;0,107142857142857;0,44375;"Terrestre"
2020;"JUV";"LUSMEG";"Long";0;0;0;0;0,0999999999999999;"Terrestre"
2021;"JUV";"LUSMEG";"Long";0;0;0;0;0;"Terrestre"
1989;"AD";"PHYLUS";"Long";0,2;0,2;0,2;0,2;0,2;"Terrestre"
1990;"AD";"PHYLUS";"Long";0,104342105263158;0,143421052631579;0,17078410311493;0,187755102040816;0,198775510204082;"Terrestre"
1991;"AD";"PHYLUS";"Long";0;0;0,0384615384615385;0,0934065934065934;0,137912087912088;"Terrestre"
1992;"AD";"PHYLUS";"Long";0;0;0,0909090909090909;0,207792207792208;0,277922077922078;"Terrestre"
1993;"AD";"PHYLUS";"Long";0;0;0;0;0;"Terrestre"
1994;"AD";"PHYLUS";"Long";0;0;0;0;0;"Terrestre"
1995;"AD";"PHYLUS";"Long";0;0;0;0;0;"Terrestre"
2001;"AD";"PHYLUS";"Long";0;0;0;0;0;"Terrestre"
2002;"AD";"PHYLUS";"Long";0,0778571428571429;0,135714285714286;0,2;0,225;0,2475;"Terrestre"
2003;"AD";"PHYLUS";"Long";0,00555555555555556;0,0555555555555556;0,111111111111111;0,132478632478632;0,151709401709402;"Terrestre"
2004;"AD";"PHYLUS";"Long";0;0;0;0;0;"Terrestre"
2005;"AD";"PHYLUS";"Long";0;0;0;0,0277777777777778;0,0527777777777778;"Terrestre"
2006;"AD";"PHYLUS";"Long";0,00576923076923077;0,0576923076923077;0,138461538461538;0,226923076923077;0,299615384615385;"Terrestre"
2007;"AD";"PHYLUS";"Long";0;0;0;0,0681818181818182;0,252272727272727;"Terrestre"
2008;"AD";"PHYLUS";"Long";0,011764705882353;0,117647058823529;0,235294117647059;0,305147058823529;0,368014705882353;"Terrestre"
2009;"AD";"PHYLUS";"Long";0;0;0;0,0952380952380952;0,180952380952381;"Terrestre"
2010;"AD";"PHYLUS";"Long";0,0625;0,0625;0,0625;0,0625;0,0625;"Terrestre"
2011;"AD";"PHYLUS";"Long";0;0;0;0,133333333333333;0,253333333333333;"Terrestre"
2012;"AD";"PHYLUS";"Long";0;0;0;0,0882352941176471;0,167647058823529;"Terrestre"
2013;"AD";"PHYLUS";"Long";0;0;0;0,125;0,2375;"Terrestre"
2014;"AD";"PHYLUS";"Long";0;0;0;0,1;0,19;"Terrestre"
2015;"AD";"PHYLUS";"Long";0;0;0;0;0;"Terrestre"
2016;"AD";"PHYLUS";"Long";0,230769230769231;0,230769230769231;0,230769230769231;0,230769230769231;0,230769230769231;"Terrestre"
2017;"AD";"PHYLUS";"Long";0;0;0;0,0833333333333333;0,158333333333333;"Terrestre"
2018;"AD";"PHYLUS";"Long";0,125;0,125;0,125;0,125;0,125;"Terrestre"
2019;"AD";"PHYLUS";"Long";0;0;0;0;0;"Terrestre"
2020;"AD";"PHYLUS";"Long";0;0;0;0;0;"Terrestre"
1989;"JUV";"PHYLUS";"Long";0;0;0;0;0;"Terrestre"
1990;"JUV";"PHYLUS";"Long";0;0;0;0,02;0,074;"Terrestre"
1991;"JUV";"PHYLUS";"Long";0;0;0;0;0;"Terrestre"
1992;"JUV";"PHYLUS";"Long";0;0;0;0;0;"Terrestre"
1993;"JUV";"PHYLUS";"Long";0;0;0;0;0;"Terrestre"
1995;"JUV";"PHYLUS";"Long";0;0;0;0;0;"Terrestre"
2001;"JUV";"PHYLUS";"Long";0;0;0;0;0;"Terrestre"
2002;"JUV";"PHYLUS";"Long";0;0;0;0,125;0,2375;"Terrestre"
2003;"JUV";"PHYLUS";"Long";0,00192307692307692;0,0192307692307692;0,0384615384615385;0,0576923076923077;0,075;"Terrestre"
2004;"JUV";"PHYLUS";"Long";0;0;0;0;0;"Terrestre"
2005;"JUV";"PHYLUS";"Long";0;0;0;0;0;"Terrestre"
2006;"JUV";"PHYLUS";"Long";0;0;0;0,037037037037037;0,0703703703703704;"Terrestre"
2007;"JUV";"PHYLUS";"Long";0;0;0;0;0;"Terrestre"
2008;"JUV";"PHYLUS";"Long";0;0;0;0;0;"Terrestre"
2009;"JUV";"PHYLUS";"Long";0;0;0;0,1;0,19;"Terrestre"
2010;"JUV";"PHYLUS";"Long";0;0;0;0;0;"Terrestre"
2011;"JUV";"PHYLUS";"Long";0;0;0;0;0;"Terrestre"
2012;"JUV";"PHYLUS";"Long";0;0;0;0;0;"Terrestre"
2013;"JUV";"PHYLUS";"Long";0;0;0;0;0;"Terrestre"
2014;"JUV";"PHYLUS";"Long";0;0;0;0,0625;0,11875;"Terrestre"
2015;"JUV";"PHYLUS";"Long";0;0;0;0;0;"Terrestre"
2016;"JUV";"PHYLUS";"Long";0,333333333333333;0,333333333333333;0,333333333333333;0,333333333333333;0,333333333333333;"Terrestre"
2017;"JUV";"PHYLUS";"Long";0;0;0;0,166666666666667;0,316666666666667;"Terrestre"
2018;"JUV";"PHYLUS";"Long";0,5;0,5;0,5;0,5;0,5;"Terrestre"
2019;"JUV";"PHYLUS";"Long";0;0;0;0;0;"Terrestre"
2020;"JUV";"PHYLUS";"Long";0;0;0;0;0;"Terrestre"
1989;"AD";"SYLBOR";"Long";0,0769230769230769;0,0769230769230769;0,0769230769230769;0,0769230769230769;0,0769230769230769;"Terrestre"
1990;"AD";"SYLBOR";"Long";0,00882352941176471;0,0882352941176471;0,176470588235294;0,193498452012384;0,208823529411765;"Terrestre"
1991;"AD";"SYLBOR";"Long";0,0660416666666667;0,0979166666666667;0,133333333333333;0,143589743589744;0,152820512820513;"Terrestre"
1992;"AD";"SYLBOR";"Long";0;0;0;0,0555555555555556;0,105555555555556;"Terrestre"
1993;"AD";"SYLBOR";"Long";0;0;0;0;0;"Terrestre"
1995;"AD";"SYLBOR";"Long";0;0;0;0;0;"Terrestre"
1996;"AD";"SYLBOR";"Long";0,00208333333333333;0,0208333333333333;0,0416666666666667;0,0625;0,08125;"Terrestre"
1997;"AD";"SYLBOR";"Long";0,132173913043478;0,147826086956522;0,165217391304348;0,182608695652174;0,198260869565217;"Terrestre"
1998;"AD";"SYLBOR";"Long";0;0;0;0;0;"Terrestre"
1999;"AD";"SYLBOR";"Long";0,625;0,625;0,625;0,625;0,625;"Terrestre"
2000;"AD";"SYLBOR";"Long";0,00434782608695653;0,0434782608695652;0,0869565217391304;0,168478260869565;0,241847826086957;"Terrestre"
2001;"AD";"SYLBOR";"Long";0,0125;0,125;0,25;0,375;0,4875;"Terrestre"
2002;"AD";"SYLBOR";"Long";0;0;0,05;0,25;0,340384615384615;"Terrestre"
2003;"AD";"SYLBOR";"Long";0;0;0;0,15;0,275;"Terrestre"
2004;"AD";"SYLBOR";"Long";0;0;0;0,0625;0,23125;"Terrestre"
2005;"AD";"SYLBOR";"Long";0;0;0;0,166666666666667;0,319444444444444;"Terrestre"
2006;"AD";"SYLBOR";"Long";0,00625000000000001;0,0625;0,125;0,1625;0,19625;"Terrestre"
2007;"AD";"SYLBOR";"Long";0,0769230769230769;0,0769230769230769;0,0769230769230769;0,105128205128205;0,130512820512821;"Terrestre"
2008;"AD";"SYLBOR";"Long";0;0;0,0384615384615385;0,0942307692307692;0,206944444444444;"Terrestre"
2009;"AD";"SYLBOR";"Long";0;0;0,111111111111111;0,125;0,421590909090909;"Terrestre"
2010;"AD";"SYLBOR";"Long";0;0;0,05;0,1375;0,23875;"Terrestre"
2011;"AD";"SYLBOR";"Long";0,00394736842105263;0,0394736842105263;0,0596491228070175;0,1125;0,23625;"Terrestre"
2012;"AD";"SYLBOR";"Long";0;0;0,0666666666666667;0,135714285714286;0,142142857142857;"Terrestre"
2013;"AD";"SYLBOR";"Long";0,0902777777777778;0,152777777777778;0,222222222222222;0,325396825396825;0,418253968253968;"Terrestre"
2014;"AD";"SYLBOR";"Long";0;0;0,176470588235294;0,25;0,3625;"Terrestre"
2015;"AD";"SYLBOR";"Long";0;0;0,214285714285714;0,217391304347826;0,353318077803204;"Terrestre"
2016;"AD";"SYLBOR";"Long";0;0;0;0,0714285714285714;0,127142857142857;"Terrestre"
2017;"AD";"SYLBOR";"Long";0;0;0,05;0,125;0,1625;"Terrestre"
2018;"AD";"SYLBOR";"Long";0,0956293706293706;0,138111888111888;0,167832167832168;0,191919191919192;0,219191919191919;"Terrestre"
2019;"AD";"SYLBOR";"Long";0;0;0,1;0,254545454545455;0,422979797979798;"Terrestre"
2020;"AD";"SYLBOR";"Long";0;0,0227272727272727;0,128787878787879;0,229166666666667;0,367788461538462;"Terrestre"
2021;"AD";"SYLBOR";"Long";0;0;0;0,222222222222222;0,365079365079365;"Terrestre"
1989;"JUV";"SYLBOR";"Long";0;0;0;0;0;"Terrestre"
1990;"JUV";"SYLBOR";"Long";0;0;0;0;0;"Terrestre"
1991;"JUV";"SYLBOR";"Long";0;0;0;0;0;"Terrestre"
1992;"JUV";"SYLBOR";"Long";0,00833333333333334;0,0833333333333333;0,166666666666667;0,208333333333333;0,245833333333333;"Terrestre"
1993;"JUV";"SYLBOR";"Long";0;0;0;0;0;"Terrestre"
1996;"JUV";"SYLBOR";"Long";0;0;0;0;0;"Terrestre"
1997;"JUV";"SYLBOR";"Long";0;0;0;0;0;"Terrestre"
1998;"JUV";"SYLBOR";"Long";0;0;0;0;0;"Terrestre"
1999;"JUV";"SYLBOR";"Long";0;0;0;0;0;"Terrestre"
2000;"JUV";"SYLBOR";"Long";0;0;0;0;0;"Terrestre"
2001;"JUV";"SYLBOR";"Long";0;0;0;0;0;"Terrestre"
2002;"JUV";"SYLBOR";"Long";0;0;0;0;0;"Terrestre"
2003;"JUV";"SYLBOR";"Long";0;0;0;0;0;"Terrestre"
2004;"JUV";"SYLBOR";"Long";0;0;0;0;0;"Terrestre"
2005;"JUV";"SYLBOR";"Long";0;0;0;0;0,21875;"Terrestre"
2006;"JUV";"SYLBOR";"Long";0;0;0;0;0;"Terrestre"
2007;"JUV";"SYLBOR";"Long";0;0;0;0;0;"Terrestre"
2008;"JUV";"SYLBOR";"Long";0;0;0;0;0;"Terrestre"
2009;"JUV";"SYLBOR";"Long";0;0;0;0;0;"Terrestre"
2010;"JUV";"SYLBOR";"Long";0;0;0;0;0;"Terrestre"
2011;"JUV";"SYLBOR";"Long";0;0;0;0;0;"Terrestre"
2012;"JUV";"SYLBOR";"Long";0;0;0;0;0;"Terrestre"
2013;"JUV";"SYLBOR";"Long";0;0;0;0;0;"Terrestre"
2014;"JUV";"SYLBOR";"Long";0;0;0;0;0;"Terrestre"
2015;"JUV";"SYLBOR";"Long";0;0;0;0;0;"Terrestre"
2016;"JUV";"SYLBOR";"Long";0;0;0;0;0;"Terrestre"
2017;"JUV";"SYLBOR";"Long";0;0;0;0,125;0,3125;"Terrestre"
2018;"JUV";"SYLBOR";"Long";0;0;0;0;0;"Terrestre"
2019;"JUV";"SYLBOR";"Long";0;0;0;0;0;"Terrestre"
2020;"JUV";"SYLBOR";"Long";0;0;0;0;0,4375;"Terrestre"
2021;"JUV";"SYLBOR";"Long";0,0107142857142857;0,107142857142857;0,154761904761905;0,208333333333333;0,320833333333333;"Terrestre"
1989;"AD";"SYLCOM";"Long";0,266666666666667;0,266666666666667;0,266666666666667;0,266666666666667;0,266666666666667;"Terrestre"
1990;"AD";"SYLCOM";"Long";0,00249999999999999;0,025;0,05;0,075;0,0975;"Terrestre"
1991;"AD";"SYLCOM";"Long";0,00800000000000001;0,08;0,16;0,17375;0,186125;"Terrestre"
1992;"AD";"SYLCOM";"Long";0;0;0;0,0833333333333333;0,158333333333333;"Terrestre"
1993;"AD";"SYLCOM";"Long";0,0083333333333333;0,0833333333333333;0,166666666666667;0,25;0,325;"Terrestre"
1994;"AD";"SYLCOM";"Long";0,25;0,25;0,25;0,25;0,25;"Terrestre"
1995;"AD";"SYLCOM";"Long";0;0;0;0;0;"Terrestre"
1996;"AD";"SYLCOM";"Long";0,133333333333333;0,133333333333333;0,133333333333333;0,133333333333333;0,133333333333333;"Terrestre"
1997;"AD";"SYLCOM";"Long";0,00526315789473685;0,0526315789473684;0,105263157894737;0,135964912280702;0,16359649122807;"Terrestre"
1998;"AD";"SYLCOM";"Long";0,00480769230769229;0,0480769230769231;0,0961538461538462;0,144230769230769;0,1875;"Terrestre"
1999;"AD";"SYLCOM";"Long";0,225806451612903;0,225806451612903;0,225806451612903;0,225806451612903;0,225806451612903;"Terrestre"
2000;"AD";"SYLCOM";"Long";0;0;0;0,108108108108108;0,205405405405405;"Terrestre"
2001;"AD";"SYLCOM";"Long";0,00535714285714285;0,0535714285714286;0,138278388278388;0,219063545150502;0,256688963210702;"Terrestre"
2002;"AD";"SYLCOM";"Long";0,0114285714285714;0,114285714285714;0,153846153846154;0,217391304347826;0,221739130434783;"Terrestre"
2003;"AD";"SYLCOM";"Long";0;0,0238095238095238;0,110119047619048;0,15625;0,239583333333333;"Terrestre"
2004;"AD";"SYLCOM";"Long";0;0;0;0,129901960784314;0,309803921568627;"Terrestre"
2005;"AD";"SYLCOM";"Long";0,0147058823529412;0,123949579831933;0,162337662337662;0,212121212121212;0,226641414141414;"Terrestre"
2006;"AD";"SYLCOM";"Long";0,00652173913043478;0,0444664031620553;0,0588235294117647;0,162337662337662;0,27012987012987;"Terrestre"
2007;"AD";"SYLCOM";"Long";0;0;0;0,133241758241758;0,335526315789474;"Terrestre"
2008;"AD";"SYLCOM";"Long";0;0;0;0,0896103896103896;0,317857142857143;"Terrestre"
2009;"AD";"SYLCOM";"Long";0;0;0,092156862745098;0,178030303030303;0,25;"Terrestre"
2010;"AD";"SYLCOM";"Long";0;0;0,0526315789473684;0,196428571428571;0,366195652173913;"Terrestre"
2011;"AD";"SYLCOM";"Long";0;0,071078431372549;0,115384615384615;0,176923076923077;0,210714285714286;"Terrestre"
2012;"AD";"SYLCOM";"Long";0;0;0,0833333333333333;0,227272727272727;0,388235294117647;"Terrestre"
2013;"AD";"SYLCOM";"Long";0;0;0,0952380952380952;0,142857142857143;0,478571428571429;"Terrestre"
2014;"AD";"SYLCOM";"Long";0;0,0882352941176471;0,162337662337662;0,270652173913043;0,390196078431372;"Terrestre"
2015;"AD";"SYLCOM";"Long";0;0;0,1425;0,198863636363636;0,25953947368421;"Terrestre"
2016;"AD";"SYLCOM";"Long";0;0;0,0697115384615385;0,138461538461538;0,305128205128205;"Terrestre"
2017;"AD";"SYLCOM";"Long";0;0;0,0294117647058824;0,114583333333333;0,173544973544974;"Terrestre"
2018;"AD";"SYLCOM";"Long";0;0;0;0,143939393939394;0,480357142857143;"Terrestre"
2019;"AD";"SYLCOM";"Long";0;0;0,03125;0,107142857142857;0,171103896103896;"Terrestre"
2020;"AD";"SYLCOM";"Long";0;0,0147058823529412;0,125490196078431;0,26010101010101;0,445833333333333;"Terrestre"
2021;"AD";"SYLCOM";"Long";0;0;0;0,0645833333333333;0,224603174603175;"Terrestre"
1989;"JUV";"SYLCOM";"Long";0;0;0;0;0;"Terrestre"
1990;"JUV";"SYLCOM";"Long";0;0;0;0;0;"Terrestre"
1991;"JUV";"SYLCOM";"Long";0;0;0;0,0555555555555556;0,105555555555556;"Terrestre"
1992;"JUV";"SYLCOM";"Long";0,00625000000000001;0,0625;0,125;0,145833333333333;0,164583333333333;"Terrestre"
1993;"JUV";"SYLCOM";"Long";0;0;0;0;0;"Terrestre"
1994;"JUV";"SYLCOM";"Long";0,05;0,05;0,05;0,05;0,05;"Terrestre"
1995;"JUV";"SYLCOM";"Long";0;0;0;0;0;"Terrestre"
1996;"JUV";"SYLCOM";"Long";0,0769230769230769;0,0769230769230769;0,0769230769230769;0,0769230769230769;0,0769230769230769;"Terrestre"
1997;"JUV";"SYLCOM";"Long";0;0;0;0,05;0,095;"Terrestre"
1998;"JUV";"SYLCOM";"Long";0,0083333333333333;0,0833333333333333;0,166666666666667;0,25;0,325;"Terrestre"
1999;"JUV";"SYLCOM";"Long";0,0909090909090909;0,0909090909090909;0,0909090909090909;0,0909090909090909;0,0909090909090909;"Terrestre"
2000;"JUV";"SYLCOM";"Long";0;0;0;0,05;0,095;"Terrestre"
2001;"JUV";"SYLCOM";"Long";0;0;0;0,0476190476190476;0,117261904761905;"Terrestre"
2002;"JUV";"SYLCOM";"Long";0;0;0;0;0,0321428571428572;"Terrestre"
2003;"JUV";"SYLCOM";"Long";0;0;0;0,05;0,139583333333333;"Terrestre"
2004;"JUV";"SYLCOM";"Long";0;0;0;0;0,0144067796610169;"Terrestre"
2005;"JUV";"SYLCOM";"Long";0;0;0;0;0,0416666666666667;"Terrestre"
2006;"JUV";"SYLCOM";"Long";0;0;0;0;0,0472222222222222;"Terrestre"
2007;"JUV";"SYLCOM";"Long";0;0;0;0;0,089423076923077;"Terrestre"
2008;"JUV";"SYLCOM";"Long";0;0;0;0,0178571428571429;0,109;"Terrestre"
2009;"JUV";"SYLCOM";"Long";0;0;0;0,0234375;0,0860049833887043;"Terrestre"
2010;"JUV";"SYLCOM";"Long";0;0;0;0,00757575757575758;0,0936538461538461;"Terrestre"
2011;"JUV";"SYLCOM";"Long";0;0;0;0,0916666666666667;0,121527777777778;"Terrestre"
2012;"JUV";"SYLCOM";"Long";0;0;0;0;0,116666666666667;"Terrestre"
2013;"JUV";"SYLCOM";"Long";0;0;0;0,0116279069767442;0,134126984126984;"Terrestre"
2014;"JUV";"SYLCOM";"Long";0;0;0;0,0138888888888889;0,3875;"Terrestre"
2015;"JUV";"SYLCOM";"Long";0;0;0;0,00769230769230769;0,0674827586206896;"Terrestre"
2016;"JUV";"SYLCOM";"Long";0;0;0;0;0,0703125;"Terrestre"
2017;"JUV";"SYLCOM";"Long";0;0;0;0;0,0586647727272727;"Terrestre"
2018;"JUV";"SYLCOM";"Long";0;0;0;0;0,0394736842105263;"Terrestre"
2019;"JUV";"SYLCOM";"Long";0;0;0;0,0238095238095238;0,0883928571428571;"Terrestre"
2020;"JUV";"SYLCOM";"Long";0;0;0;0;0,308333333333333;"Terrestre"
2021;"JUV";"SYLCOM";"Long";0;0;0;0;0;"Terrestre"
1997;"AD";"ACRSCH";"Long";0,214484126984127;0,216269841269841;0,218253968253968;0,220238095238095;0,22202380952381;"STOC-rozo"
1998;"AD";"ACRSCH";"Long";0,0689655172413793;0,0689655172413793;0,0689655172413793;0,0689655172413793;0,0689655172413793;"STOC-rozo"
1999;"AD";"ACRSCH";"Long";0,0869318181818182;0,119318181818182;0,15530303030303;0,191287878787879;0,223674242424242;"STOC-rozo"
2000;"AD";"ACRSCH";"Long";0,00147058823529411;0,0147058823529412;0,0294117647058824;0,0441176470588235;0,0573529411764706;"STOC-rozo"
2001;"AD";"ACRSCH";"Long";0;0;0;0,0454545454545455;0,0863636363636364;"STOC-rozo"
2002;"AD";"ACRSCH";"Long";0;0;0;0,00675675675675676;0,025;"STOC-rozo"
2003;"AD";"ACRSCH";"Long";0;0;0;0;0;"STOC-rozo"
2004;"AD";"ACRSCH";"Long";0;0;0;0,05;0,185;"STOC-rozo"
2005;"AD";"ACRSCH";"Long";0,00249999999999999;0,025;0,05;0,075;0,0975;"STOC-rozo"
2006;"AD";"ACRSCH";"Long";0,00147058823529411;0,0147058823529412;0,0294117647058824;0,0441176470588235;0,0573529411764706;"STOC-rozo"
2007;"AD";"ACRSCH";"Long";0;0;0;0,0681818181818182;0,120738636363636;"STOC-rozo"
2008;"AD";"ACRSCH";"Long";0;0;0;0,0277777777777778;0,110333333333333;"STOC-rozo"
2009;"AD";"ACRSCH";"Long";0;0;0;0,0769230769230769;0,179120879120879;"STOC-rozo"
2010;"AD";"ACRSCH";"Long";0;0;0;0,233333333333333;0,313421052631579;"STOC-rozo"
2011;"AD";"ACRSCH";"Long";0;0;0;0,0865384615384615;0,135950854700855;"STOC-rozo"
2012;"AD";"ACRSCH";"Long";0;0;0;0,107142857142857;0,236607142857143;"STOC-rozo"
2013;"AD";"ACRSCH";"Long";0;0;0,0454545454545455;0,163352272727273;0,256770833333333;"STOC-rozo"
2014;"AD";"ACRSCH";"Long";0;0;0,0434782608695652;0,0899209486166008;0,15719696969697;"STOC-rozo"
2015;"AD";"ACRSCH";"Long";0;0;0;0,0833333333333333;0,213888888888889;"STOC-rozo"
2016;"AD";"ACRSCH";"Long";0;0;0,0333333333333333;0,0777777777777778;0,107777777777778;"STOC-rozo"
2017;"AD";"ACRSCH";"Long";0;0;0;0,0909090909090909;0,147552447552448;"STOC-rozo"
2018;"AD";"ACRSCH";"Long";0;0;0;0,15;0,275;"STOC-rozo"
2019;"AD";"ACRSCH";"Long";0;0;0;0,142857142857143;0,239285714285714;"STOC-rozo"
2020;"AD";"ACRSCH";"Long";0;0;0;0,125;0,4625;"STOC-rozo"
2021;"AD";"ACRSCH";"Long";0;0;0,0625;0,1875;0,35625;"STOC-rozo"
1997;"JUV";"ACRSCH";"Long";0;0;0;0;0;"STOC-rozo"
1998;"JUV";"ACRSCH";"Long";0;0;0;0;0;"STOC-rozo"
1999;"JUV";"ACRSCH";"Long";0;0;0;0;0;"STOC-rozo"
2000;"JUV";"ACRSCH";"Long";0;0;0;0;0;"STOC-rozo"
2001;"JUV";"ACRSCH";"Long";0;0;0;0;0;"STOC-rozo"
2002;"JUV";"ACRSCH";"Long";0;0;0;0,0131578947368421;0,0486842105263158;"STOC-rozo"
2003;"JUV";"ACRSCH";"Long";0;0;0;0;0;"STOC-rozo"
2004;"JUV";"ACRSCH";"Long";0;0;0;0;0;"STOC-rozo"
2005;"JUV";"ACRSCH";"Long";0;0;0;0;0;"STOC-rozo"
2006;"JUV";"ACRSCH";"Long";0;0;0;0,0192307692307692;0,0365384615384615;"STOC-rozo"
2007;"JUV";"ACRSCH";"Long";0;0;0;0;0;"STOC-rozo"
2008;"JUV";"ACRSCH";"Long";0;0;0;0;0;"STOC-rozo"
2009;"JUV";"ACRSCH";"Long";0;0;0;0;0,0947368421052632;"STOC-rozo"
2010;"JUV";"ACRSCH";"Long";0;0;0;0;0;"STOC-rozo"
2011;"JUV";"ACRSCH";"Long";0;0;0;0;0;"STOC-rozo"
2012;"JUV";"ACRSCH";"Long";0;0;0;0;0;"STOC-rozo"
2013;"JUV";"ACRSCH";"Long";0;0;0;0;0,0729166666666667;"STOC-rozo"
2014;"JUV";"ACRSCH";"Long";0;0;0;0;0,06;"STOC-rozo"
2015;"JUV";"ACRSCH";"Long";0;0;0;0;0;"STOC-rozo"
2016;"JUV";"ACRSCH";"Long";0;0;0;0;0;"STOC-rozo"
2017;"JUV";"ACRSCH";"Long";0;0;0;0;0,0321428571428572;"STOC-rozo"
2018;"JUV";"ACRSCH";"Long";0;0;0;0;0,21875;"STOC-rozo"
2019;"JUV";"ACRSCH";"Long";0;0;0;0,125;0,4625;"STOC-rozo"
2020;"JUV";"ACRSCH";"Long";0;0;0;0,03125;0,115625;"STOC-rozo"
2021;"JUV";"ACRSCH";"Long";0;0;0;0;0;"STOC-rozo"
1997;"AD";"ACRSCI";"Long";0,0861842105263158;0,111842105263158;0,140350877192982;0,145175438596491;0,149517543859649;"STOC-rozo"
1998;"AD";"ACRSCI";"Long";0,0652118912080961;0,0714737507906388;0,0784313725490196;0,113683771380893;0,145410930329579;"STOC-rozo"
1999;"AD";"ACRSCI";"Long";0,00222222222222222;0,0222222222222222;0,0444444444444444;0,115972222222222;0,180347222222222;"STOC-rozo"
2000;"AD";"ACRSCI";"Long";0,0312072336265885;0,0393450635386119;0,0483870967741935;0,0647340889276373;0,0794463818657367;"STOC-rozo"
2001;"AD";"ACRSCI";"Long";0;0,0303030303030303;0,0769230769230769;0,162790697674419;0,224598930481283;"STOC-rozo"
2002;"AD";"ACRSCI";"Long";0;0;0,0192307692307692;0,0857142857142857;0,188484848484848;"STOC-rozo"
2003;"AD";"ACRSCI";"Long";0;0;0,0479166666666667;0,148809523809524;0,250611888111888;"STOC-rozo"
2004;"AD";"ACRSCI";"Long";0;0;0;0,255813953488372;0,293846153846154;"STOC-rozo"
2005;"AD";"ACRSCI";"Long";0,00921052631578948;0,0813397129186603;0,115942028985507;0,1875;0,370779914529915;"STOC-rozo"
2006;"AD";"ACRSCI";"Long";0;0;0;0,0606060606060606;0,235323886639676;"STOC-rozo"
2007;"AD";"ACRSCI";"Long";0;0;0,05;0,121212121212121;0,173529411764706;"STOC-rozo"
2008;"AD";"ACRSCI";"Long";0;0;0,015625;0,114551083591331;0,199972943722944;"STOC-rozo"
2009;"AD";"ACRSCI";"Long";0;0;0,0454545454545455;0,125;0,288260869565217;"STOC-rozo"
2010;"AD";"ACRSCI";"Long";0;0;0,0285714285714286;0,0909090909090909;0,220454545454545;"STOC-rozo"
2011;"AD";"ACRSCI";"Long";0;0;0;0,0339080459770115;0,191666666666667;"STOC-rozo"
2012;"AD";"ACRSCI";"Long";0;0;0,02;0,135416666666667;0,163782051282051;"STOC-rozo"
2013;"AD";"ACRSCI";"Long";0;0;0,02;0,0683870967741936;0,13219696969697;"STOC-rozo"
2014;"AD";"ACRSCI";"Long";0,0133333333333333;0,0789473684210526;0,0967741935483871;0,125;0,165446224256293;"STOC-rozo"
2015;"AD";"ACRSCI";"Long";0;0;0,0714285714285714;0,148510971786834;0,170975323149236;"STOC-rozo"
2016;"AD";"ACRSCI";"Long";0,0856470588235294;0,127005347593583;0,15;0,176319176319176;0,203571428571429;"STOC-rozo"
2017;"AD";"ACRSCI";"Long";0;0,0628306878306878;0,138388123011665;0,194899072558647;0,223925339366516;"STOC-rozo"
2018;"AD";"ACRSCI";"Long";0;0,0384615384615385;0,111111111111111;0,16;0,265880893300248;"STOC-rozo"
2019;"AD";"ACRSCI";"Long";0;0,046875;0,125;0,231481481481481;0,404029605263158;"STOC-rozo"
2020;"AD";"ACRSCI";"Long";0;0;0,0952380952380952;0,152073732718894;0,204411764705882;"STOC-rozo"
2021;"AD";"ACRSCI";"Long";0;0,0552464228934817;0,0747282608695652;0,10564930300807;0,217222222222222;"STOC-rozo"
1997;"JUV";"ACRSCI";"Long";0;0;0;0;0;"STOC-rozo"
1998;"JUV";"ACRSCI";"Long";0;0;0;0;0;"STOC-rozo"
1999;"JUV";"ACRSCI";"Long";0,00277777777777777;0,0277777777777778;0,0555555555555556;0,0833333333333333;0,108333333333333;"STOC-rozo"
2000;"JUV";"ACRSCI";"Long";0;0;0;0;0;"STOC-rozo"
2001;"JUV";"ACRSCI";"Long";0;0;0;0;0,134615384615385;"STOC-rozo"
2002;"JUV";"ACRSCI";"Long";0;0;0;0;0,0925;"STOC-rozo"
2003;"JUV";"ACRSCI";"Long";0;0;0;0;0,3875;"STOC-rozo"
2004;"JUV";"ACRSCI";"Long";0;0;0;0;0;"STOC-rozo"
2005;"JUV";"ACRSCI";"Long";0;0;0;0,0227272727272727;0,0840909090909091;"STOC-rozo"
2006;"JUV";"ACRSCI";"Long";0;0;0;0;0;"STOC-rozo"
2007;"JUV";"ACRSCI";"Long";0;0;0;0;0,0483333333333333;"STOC-rozo"
2008;"JUV";"ACRSCI";"Long";0;0;0;0,015625;0,131071428571429;"STOC-rozo"
2009;"JUV";"ACRSCI";"Long";0;0;0;0;0;"STOC-rozo"
2010;"JUV";"ACRSCI";"Long";0;0;0;0;0;"STOC-rozo"
2011;"JUV";"ACRSCI";"Long";0;0;0;0;0;"STOC-rozo"
2012;"JUV";"ACRSCI";"Long";0;0;0;0;0;"STOC-rozo"
2013;"JUV";"ACRSCI";"Long";0;0;0;0;0,4125;"STOC-rozo"
2014;"JUV";"ACRSCI";"Long";0;0;0;0;0;"STOC-rozo"
2015;"JUV";"ACRSCI";"Long";0;0;0;0;0,0615384615384616;"STOC-rozo"
2016;"JUV";"ACRSCI";"Long";0;0;0;0;0;"STOC-rozo"
2017;"JUV";"ACRSCI";"Long";0;0;0;0,0106382978723404;0,0982142857142857;"STOC-rozo"
2018;"JUV";"ACRSCI";"Long";0;0;0;0,03125;0,270833333333333;"STOC-rozo"
2019;"JUV";"ACRSCI";"Long";0;0;0;0;0,110714285714286;"STOC-rozo"
2020;"JUV";"ACRSCI";"Long";0;0;0;0;0;"STOC-rozo"
2021;"JUV";"ACRSCI";"Long";0;0;0;0;0;"STOC-rozo"
2001;"AD";"ACRSCH";"Long";0,222222222222222;0,222222222222222;0,222222222222222;0,222222222222222;0,222222222222222;"Aquatique"
2002;"AD";"ACRSCH";"Long";0,142857142857143;0,142857142857143;0,142857142857143;0,142857142857143;0,142857142857143;"Aquatique"
2003;"AD";"ACRSCH";"Long";0;0;0;0;0;"Aquatique"
2005;"AD";"ACRSCH";"Long";0,176470588235294;0,176470588235294;0,176470588235294;0,176470588235294;0,176470588235294;"Aquatique"
2006;"AD";"ACRSCH";"Long";0,166666666666667;0,166666666666667;0,166666666666667;0,166666666666667;0,166666666666667;"Aquatique"
2007;"AD";"ACRSCH";"Long";0,00714285714285715;0,0714285714285714;0,142857142857143;0,196428571428571;0,244642857142857;"Aquatique"
2008;"AD";"ACRSCH";"Long";0;0;0,0416666666666667;0,0833333333333333;0,0833333333333333;"Aquatique"
2009;"AD";"ACRSCH";"Long";0,00499999999999998;0,05;0,1;0,15;0,195;"Aquatique"
2010;"AD";"ACRSCH";"Long";0;0;0;0,108695652173913;0,206521739130435;"Aquatique"
2011;"AD";"ACRSCH";"Long";0;0;0;0,0806451612903226;0,153225806451613;"Aquatique"
2012;"AD";"ACRSCH";"Long";0,120098039215686;0,142156862745098;0,166666666666667;0,208333333333333;0,245833333333333;"Aquatique"
2013;"AD";"ACRSCH";"Long";0,00178571428571429;0,0178571428571429;0,0357142857142857;0,0491071428571429;0,0611607142857143;"Aquatique"
2014;"AD";"ACRSCH";"Long";0,00441176470588235;0,0441176470588235;0,0627450980392157;0,103030303030303;0,201212121212121;"Aquatique"
2015;"AD";"ACRSCH";"Long";0;0;0;0,0294117647058824;0,103267973856209;"Aquatique"
2016;"AD";"ACRSCH";"Long";0;0;0,0909090909090909;0,2;0,265454545454545;"Aquatique"
2017;"AD";"ACRSCH";"Long";0,0266550522648084;0,0454545454545455;0,0909090909090909;0,111111111111111;0,156862745098039;"Aquatique"
2018;"AD";"ACRSCH";"Long";0;0;0;0,0769230769230769;0,15034965034965;"Aquatique"
2019;"AD";"ACRSCH";"Long";0;0;0;0;0,125;"Aquatique"
2020;"AD";"ACRSCH";"Long";0,00333333333333334;0,0333333333333333;0,0666666666666667;0,104761904761905;0,139047619047619;"Aquatique"
2021;"AD";"ACRSCH";"Long";0,00399999999999999;0,04;0,08;0,12;0,156;"Aquatique"
2001;"JUV";"ACRSCH";"Long";0;0;0;0;0;"Aquatique"
2002;"JUV";"ACRSCH";"Long";0;0;0;0;0;"Aquatique"
2003;"JUV";"ACRSCH";"Long";0;0;0;0;0;"Aquatique"
2005;"JUV";"ACRSCH";"Long";0;0;0;0;0;"Aquatique"
2007;"JUV";"ACRSCH";"Long";0;0;0;0;0;"Aquatique"
2008;"JUV";"ACRSCH";"Long";0,00384615384615385;0,0384615384615385;0,0769230769230769;0,10989010989011;0,13956043956044;"Aquatique"
2009;"JUV";"ACRSCH";"Long";0,00108695652173913;0,0108695652173913;0,0217391304347826;0,0326086956521739;0,0423913043478261;"Aquatique"
2010;"JUV";"ACRSCH";"Long";0,00555555555555556;0,0555555555555556;0,111111111111111;0,126984126984127;0,141269841269841;"Aquatique"
2011;"JUV";"ACRSCH";"Long";0;0;0;0;0;"Aquatique"
2012;"JUV";"ACRSCH";"Long";0,00454545454545455;0,0454545454545455;0,0909090909090909;0,128787878787879;0,162878787878788;"Aquatique"
2013;"JUV";"ACRSCH";"Long";0,00178571428571428;0,0178571428571429;0,0357142857142857;0,0535714285714286;0,0696428571428571;"Aquatique"
2014;"JUV";"ACRSCH";"Long";0;0;0;0,0113636363636364;0,0420454545454545;"Aquatique"
2015;"JUV";"ACRSCH";"Long";0;0;0;0;0,0944444444444444;"Aquatique"
2016;"JUV";"ACRSCH";"Long";0;0;0;0;0;"Aquatique"
2017;"JUV";"ACRSCH";"Long";0;0;0;0;0,0682539682539683;"Aquatique"
2018;"JUV";"ACRSCH";"Long";0;0;0;0;0,0210526315789474;"Aquatique"
2019;"JUV";"ACRSCH";"Long";0;0;0;0;0,0875;"Aquatique"
2020;"JUV";"ACRSCH";"Long";0;0;0;0,0625;0,11875;"Aquatique"
2021;"JUV";"ACRSCH";"Long";0;0;0;0;0;"Aquatique"
2001;"AD";"ACRSCI";"Long";0,135593220338983;0,135593220338983;0,135593220338983;0,135593220338983;0,135593220338983;"Aquatique"
2002;"AD";"ACRSCI";"Long";0,0363636363636364;0,0363636363636364;0,0363636363636364;0,0363636363636364;0,0363636363636364;"Aquatique"
2003;"AD";"ACRSCI";"Long";0;0;0;0;0;"Aquatique"
2005;"AD";"ACRSCI";"Long";0,152414772727273;0,160511363636364;0,169507575757576;0,178503787878788;0,186600378787879;"Aquatique"
2006;"AD";"ACRSCI";"Long";0,0604988913525499;0,114079822616408;0,173614190687361;0,233148558758315;0,286729490022173;"Aquatique"
2007;"AD";"ACRSCI";"Long";0,00625;0,0625;0,114837398373984;0,159756097560976;0,195975609756098;"Aquatique"
2008;"AD";"ACRSCI";"Long";0,00681818181818181;0,0681818181818182;0,145454545454545;0,217073170731707;0,263170731707317;"Aquatique"
2009;"AD";"ACRSCI";"Long";0,14055829228243;0,164203612479475;0,19047619047619;0,234772978959025;0,274640088593577;"Aquatique"
2010;"AD";"ACRSCI";"Long";0,00978260869565217;0,0978260869565217;0,179503105590062;0,238501742160279;0,265313588850174;"Aquatique"
2011;"AD";"ACRSCI";"Long";0,00775862068965517;0,0775862068965517;0,123152709359606;0,145604395604396;0,153021978021978;"Aquatique"
2012;"AD";"ACRSCI";"Long";0,0981432858214554;0,144223555888972;0,189340813464236;0,252329192546584;0,34666149068323;"Aquatique"
2013;"AD";"ACRSCI";"Long";0,0531842105263158;0,0581578947368421;0,10843137254902;0,165266106442577;0,187955182072829;"Aquatique"
2014;"AD";"ACRSCI";"Long";0,0779220779220779;0,136363636363636;0,16;0,166666666666667;0,229393939393939;"Aquatique"
2015;"AD";"ACRSCI";"Long";0;0;0,0660377358490566;0,167953667953668;0,248817567567568;"Aquatique"
2016;"AD";"ACRSCI";"Long";0,118694511702986;0,127747252747253;0,181761786600496;0,211510263929619;0,245265151515152;"Aquatique"
2017;"AD";"ACRSCI";"Long";0;0,0882352941176471;0,119047619047619;0,15;0,223872679045093;"Aquatique"
2018;"AD";"ACRSCI";"Long";0;0;0,103448275862069;0,24390243902439;0,281578947368421;"Aquatique"
2019;"AD";"ACRSCI";"Long";0;0;0,0789473684210526;0,201012145748988;0,228846153846154;"Aquatique"
2020;"AD";"ACRSCI";"Long";0;0;0;0,0806451612903226;0,298387096774194;"Aquatique"
2021;"AD";"ACRSCI";"Long";0;0;0;0;0;"Aquatique"
2002;"JUV";"ACRSCI";"Long";0;0;0;0;0;"Aquatique"
2003;"JUV";"ACRSCI";"Long";0;0;0;0;0;"Aquatique"
2005;"JUV";"ACRSCI";"Long";0,0083333333333333;0,0833333333333333;0,166666666666667;0,25;0,325;"Aquatique"
2006;"JUV";"ACRSCI";"Long";0;0;0;0;0;"Aquatique"
2007;"JUV";"ACRSCI";"Long";0;0;0;0;0;"Aquatique"
2008;"JUV";"ACRSCI";"Long";0;0;0;0,0833333333333333;0,308333333333333;"Aquatique"
2009;"JUV";"ACRSCI";"Long";0;0;0;0,0833333333333333;0,158333333333333;"Aquatique"
2010;"JUV";"ACRSCI";"Long";0;0;0;0,0795454545454545;0,294318181818182;"Aquatique"
2011;"JUV";"ACRSCI";"Long";0;0;0;0,111111111111111;0,211111111111111;"Aquatique"
2012;"JUV";"ACRSCI";"Long";0;0;0;0,5;0,95;"Aquatique"
2013;"JUV";"ACRSCI";"Long";0;0;0;0,0555555555555556;0,105555555555556;"Aquatique"
2014;"JUV";"ACRSCI";"Long";0;0;0,0769230769230769;0,333333333333333;0,393333333333333;"Aquatique"
2015;"JUV";"ACRSCI";"Long";0;0;0;0,0833333333333333;0,308333333333333;"Aquatique"
2016;"JUV";"ACRSCI";"Long";0;0;0;0;0;"Aquatique"
2017;"JUV";"ACRSCI";"Long";0;0;0;0,0698051948051948;0,85;"Aquatique"
2018;"JUV";"ACRSCI";"Long";0;0;0;0;0;"Aquatique"
2019;"JUV";"ACRSCI";"Long";0;0;0;0;0;"Aquatique"
2020;"JUV";"ACRSCI";"Long";0;0;0;0;0;"Aquatique"
2021;"JUV";"ACRSCI";"Long";0;0;0;0;0;"Aquatique"
